case,arm,rounds,phase,pair,order,mode,milliseconds,input_sha256,stdout_sha256
random-8-hits,hash,0,contract,0,0,native,0,0a25afda35e7c3f55fb397eb741477b91afe6b39798080095e4e63997bc7302e,8ce2930c3e3101582b784cf77af665188831ab068f51a427c23b290d76c32cbd
random-8-hits,hash,1,contract,0,0,native,0,0b2ac9d6dc9898ec226dc9b7a8e6bf470ea9911b900e58fc81cd0c7d92057aa3,63aa53b7645a802f4ef6fe8c36d5c2bb17ff35d53c7d680d046a6a1e00c2f5c7
random-8-hits,hash,3,contract,0,0,native,0,4853ab7a2035da03b1ef1c16271aaae6e998dd109a710f704d055eb09361af50,e8a56d11f750a116678a4e4b85d540ca98da3f3ead4202c9ced298c8ae8c506a
random-8-hits,scan,0,contract,0,0,native,0,0a25afda35e7c3f55fb397eb741477b91afe6b39798080095e4e63997bc7302e,35b0d9eb5e30100afd84750054763e67b23260d0ed47239192f6fb687b6dba87
random-8-hits,scan,1,contract,0,0,native,0,0b2ac9d6dc9898ec226dc9b7a8e6bf470ea9911b900e58fc81cd0c7d92057aa3,1f0bfb3f1248a84093a952aa3fca3611116bef52e2376dd6bde1f99256f215d3
random-8-hits,scan,3,contract,0,0,native,0,4853ab7a2035da03b1ef1c16271aaae6e998dd109a710f704d055eb09361af50,0a04a44a6ed5b1b21fd90eb0385352604f8bb30c3fc61a4da52442713ee22e1f
random-8-misses,hash,0,contract,0,0,native,0,78d72f3a038ddb71b4f7af409eb89840d14c51e7d704a23b87e114eebb0bcdd1,8ce2930c3e3101582b784cf77af665188831ab068f51a427c23b290d76c32cbd
random-8-misses,hash,1,contract,0,0,native,0,c4b24250101d91c9ea0b74b28d35ba57d4101948295ddd91e63a6606398ac66e,1e6ee8d3828436bdc97f51b5aa6fa248af26674dd0358293bcdca102bc834ab2
random-8-misses,hash,3,contract,0,0,native,0,edd27df2820cca13597f40ddc4c095b302bf9128f8887347eec234b1b7b221d1,958c9cdb3ecd2953d52aaa5d256a13f611ae1e532598af8eb30684a4c8523459
random-8-misses,scan,0,contract,0,0,native,0,78d72f3a038ddb71b4f7af409eb89840d14c51e7d704a23b87e114eebb0bcdd1,35b0d9eb5e30100afd84750054763e67b23260d0ed47239192f6fb687b6dba87
random-8-misses,scan,1,contract,0,0,native,0,c4b24250101d91c9ea0b74b28d35ba57d4101948295ddd91e63a6606398ac66e,0a474bccb3492236d0fa82552e6a99cf6cde48cc8f235f1eb98af537ff18c23d
random-8-misses,scan,3,contract,0,0,native,0,edd27df2820cca13597f40ddc4c095b302bf9128f8887347eec234b1b7b221d1,4ac8f43a9979330971222b4f60b7889e922742e72cfd6ff543e1e4ac184eadf7
random-8-churn,hash,0,contract,0,0,native,0,2e95f26b92198fd0ea3c24132f4133e9597e8da437088b4a6e2004f0aed72d08,8ce2930c3e3101582b784cf77af665188831ab068f51a427c23b290d76c32cbd
random-8-churn,hash,1,contract,0,0,native,0,69cf44c4c35fc5c5c95ba01deec9d3aca1576b877c87ad7127a1354d15b221f2,28d171cde55d80b49d9c9a3f8e9b8b66f83c35eb2eec6c951d199929bb381f07
random-8-churn,hash,3,contract,0,0,native,0,530059531e6ab7ce316278e213c7381554485001f2eff9c1438b851e0aeff519,c37e92a4bb1607a3991f45fb6b75cde836b349f998132c16193ffa05eef7b9ed
random-8-churn,scan,0,contract,0,0,native,0,2e95f26b92198fd0ea3c24132f4133e9597e8da437088b4a6e2004f0aed72d08,35b0d9eb5e30100afd84750054763e67b23260d0ed47239192f6fb687b6dba87
random-8-churn,scan,1,contract,0,0,native,0,69cf44c4c35fc5c5c95ba01deec9d3aca1576b877c87ad7127a1354d15b221f2,97a89f85c905e700335927eeb316d90d5d9ec5155d7619939d0b48fe3a83ea30
random-8-churn,scan,3,contract,0,0,native,0,530059531e6ab7ce316278e213c7381554485001f2eff9c1438b851e0aeff519,7fc5ff91e193b6205c8500bdd2cfa471f0604c71c650903f498d3da3c3ba8edd
random-64-hits,hash,0,contract,0,0,native,0,8e2150ae25b61d0ff7f2c6b5a03e5c6be6e007a5378d330f63a221dd6f167b9f,3cd2757b88eef76b856f6fa49d7edbfe6b253a7bd37e0ec1d42538c5df88a900
random-64-hits,hash,1,contract,0,0,native,0,64144ba4af5955f36ae331d2608b9e0e0a0e79d40faf59e535f3fb2d923fef8f,8518229c5f49012e5e480171a1be9f69271ccc80c2c2f22c368d9c9dc9c1cec0
random-64-hits,hash,3,contract,0,0,native,0,1b130b8fa2e446467bbec164981c616d9429e5f9eea0705aaa6046101b10cb79,1c62cf02dbe099fa896fbeff9f8c327e3c9195a823785cc8c6d338f934416298
random-64-hits,scan,0,contract,0,0,native,0,8e2150ae25b61d0ff7f2c6b5a03e5c6be6e007a5378d330f63a221dd6f167b9f,7af05754803016015c365719d6113954bbf5bff4569d85bb5f06d76d671a4ecf
random-64-hits,scan,1,contract,0,0,native,0,64144ba4af5955f36ae331d2608b9e0e0a0e79d40faf59e535f3fb2d923fef8f,118edc04f59bb5fa762de269f54872bf53420f18f8c2125c212d0acd75b08baf
random-64-hits,scan,3,contract,0,0,native,0,1b130b8fa2e446467bbec164981c616d9429e5f9eea0705aaa6046101b10cb79,1dcf4514335ab6179d79a2d0dc59191c3cbfedf9a4fc1640fd7f66c14e3a4b87
random-64-misses,hash,0,contract,0,0,native,0,63d480c43fbc8eaf0af856c9ea458a53e4ef92f2ec72800bb10c370d077f6cef,3cd2757b88eef76b856f6fa49d7edbfe6b253a7bd37e0ec1d42538c5df88a900
random-64-misses,hash,1,contract,0,0,native,0,0c407c404d4d434fa13b56a657500d15b7667f3511aa8041b64f8c42bd76f0bf,336fa9e3711444332666540f23debf47c8a4e78cd95dfaeac093563eccf5140d
random-64-misses,hash,3,contract,0,0,native,0,36919c6f3d719824b124d6b1974af3f012e5fedf5c9af1c24d210a3c0e2099a4,5678706d7b73d2264bd1cdcca0be440be2dd731990bd3c58cbc71607d2e57a33
random-64-misses,scan,0,contract,0,0,native,0,63d480c43fbc8eaf0af856c9ea458a53e4ef92f2ec72800bb10c370d077f6cef,7af05754803016015c365719d6113954bbf5bff4569d85bb5f06d76d671a4ecf
random-64-misses,scan,1,contract,0,0,native,0,0c407c404d4d434fa13b56a657500d15b7667f3511aa8041b64f8c42bd76f0bf,822af25b8fba30801fa2fea740808d80fa7a45d233d77d4d26d5aef1f2b05b4d
random-64-misses,scan,3,contract,0,0,native,0,36919c6f3d719824b124d6b1974af3f012e5fedf5c9af1c24d210a3c0e2099a4,c5fbc49b9d352c674f45ce3bb5c20795c0e400483539d06f76ee03e2cae147f6
random-64-churn,hash,0,contract,0,0,native,0,f6567b882c6201d926e48324ef70f7aaa60ff85fa718ca676d743998f30764b6,3cd2757b88eef76b856f6fa49d7edbfe6b253a7bd37e0ec1d42538c5df88a900
random-64-churn,hash,1,contract,0,0,native,0,9bc3f2e88cb87d5ddc786d4290e31de3e44bcc16b1625647dbbb7984fa0eb19a,a3ad94048b2bc1560f18c52842bcd4efa1f9ff3a56c1d6a0eb0c8dc8fd69e853
random-64-churn,hash,3,contract,0,0,native,1,267b940cfd4afc40fcc6aed531fd55ca16859f228115d36411443eedd34c3433,ab43b35361816ef9226b8b8eff30f467aabc1e256ab9ae060a4a9aed1ab72878
random-64-churn,scan,0,contract,0,0,native,0,f6567b882c6201d926e48324ef70f7aaa60ff85fa718ca676d743998f30764b6,7af05754803016015c365719d6113954bbf5bff4569d85bb5f06d76d671a4ecf
random-64-churn,scan,1,contract,0,0,native,0,9bc3f2e88cb87d5ddc786d4290e31de3e44bcc16b1625647dbbb7984fa0eb19a,8d2bcb6e6c95e9e22377d05fa2a4b8fb697a6877de29b8804c784bec3269ea11
random-64-churn,scan,3,contract,0,0,native,0,267b940cfd4afc40fcc6aed531fd55ca16859f228115d36411443eedd34c3433,bc10c8cd5e2f0dc98b980f90fcb7bede6fd2e83dff7fd82861c0b2e4ee3800d6
random-256-hits,hash,0,contract,0,0,native,0,820cfdb91412e3bb862e0eb2cd977bc7b302974b4fd76eef0c2638b7d87e5993,69a8590df663ad61c082e5944787efc5519945e2e71a2ec555d05ba26d9209a4
random-256-hits,hash,1,contract,0,0,native,0,bd600c0d0c63cab63230b7bf7cf0af0d332a796b767c04c13f523af7e4ff8672,7dd2e7319fd1459d741c873854613d0012bd30f94613b31b0727b33549efd406
random-256-hits,hash,3,contract,0,0,native,0,3a388a78cb26a4697b8e5ca032418bce6d2af616824880491bc41c69b925affb,ea71978669257ebc8bd7c20121c5589f5fbde5cfd55368bddc150b40296ee5f2
random-256-hits,scan,0,contract,0,0,native,0,820cfdb91412e3bb862e0eb2cd977bc7b302974b4fd76eef0c2638b7d87e5993,37a94837d24b83b45619fb5f2db064741da3ff6eff4a989565b965ec9aedf4d8
random-256-hits,scan,1,contract,0,0,native,0,bd600c0d0c63cab63230b7bf7cf0af0d332a796b767c04c13f523af7e4ff8672,9f77980c777b1de5d5aab15df225232f7a20314679bc710bb1e3a19d836dbe74
random-256-hits,scan,3,contract,0,0,native,1,3a388a78cb26a4697b8e5ca032418bce6d2af616824880491bc41c69b925affb,a88c1d00c798a560782cf95131e6bc0393e3c3a6c8755697665dddd44f72bb49
random-256-misses,hash,0,contract,0,0,native,0,07a8318117388b6ca713466d031e6066bd96b2780d89a23691e06678ec1ceb78,69a8590df663ad61c082e5944787efc5519945e2e71a2ec555d05ba26d9209a4
random-256-misses,hash,1,contract,0,0,native,0,747288bcaa5a7ee9cb4685407cedcc1b80f828a59d053b9c6f26d27647090fd4,95a4f180a35325c7244ff54fe51ca28f6fd7d9fff0722e03911f352380083a79
random-256-misses,hash,3,contract,0,0,native,0,ab7db71c23111cc09a203bb0d50563dd7f3d1c8f42eff4179e3ea25a5562f865,528a358d21b29f0b43557afd363e154d6ca940d9da2eaf582e275304d8e88c27
random-256-misses,scan,0,contract,0,0,native,0,07a8318117388b6ca713466d031e6066bd96b2780d89a23691e06678ec1ceb78,37a94837d24b83b45619fb5f2db064741da3ff6eff4a989565b965ec9aedf4d8
random-256-misses,scan,1,contract,0,0,native,1,747288bcaa5a7ee9cb4685407cedcc1b80f828a59d053b9c6f26d27647090fd4,07f0bd582ebf64272e19b9c2b9a071aa00e0319860962c2492555f50038ab73c
random-256-misses,scan,3,contract,0,0,native,1,ab7db71c23111cc09a203bb0d50563dd7f3d1c8f42eff4179e3ea25a5562f865,117a6c87ab45d93bb7bba7b5bcc4f1293f4cb5d0292f2d901d982ce30fc9cd51
random-256-churn,hash,0,contract,0,0,native,0,193874093bc1dfe608238c3bf9fbc89a967a1319ed41c0c4c6e27104fb4722d0,69a8590df663ad61c082e5944787efc5519945e2e71a2ec555d05ba26d9209a4
random-256-churn,hash,1,contract,0,0,native,0,8eb0d1e9126506b40c329d1455cbb4f1e37f3b57cd8f23b804994734c9cb6c51,4ce732718a8a5b71a10b07fdf724ca889e3793e7de8d31136287850a70621243
random-256-churn,hash,3,contract,0,0,native,0,c27af956df5e77f4f4b182d8e0a904fa6d40ca2e41b4cd3ea02f1fbe8db16314,f4c5f37fd7c9b1a06ca740158aa235dda732a20948a6b9dd9d91b384eb0dacce
random-256-churn,scan,0,contract,0,0,native,0,193874093bc1dfe608238c3bf9fbc89a967a1319ed41c0c4c6e27104fb4722d0,37a94837d24b83b45619fb5f2db064741da3ff6eff4a989565b965ec9aedf4d8
random-256-churn,scan,1,contract,0,0,native,1,8eb0d1e9126506b40c329d1455cbb4f1e37f3b57cd8f23b804994734c9cb6c51,cf109e6d71a3e6000ac2d8cb237690441f26ed56f554f64ca55fea8e1895e4a8
random-256-churn,scan,3,contract,0,0,native,0,c27af956df5e77f4f4b182d8e0a904fa6d40ca2e41b4cd3ea02f1fbe8db16314,fc24c3e4711504344b4cb84ab77a224093412b696f474d8c1c3a5159aa68a98d
high-half-64-hits,hash,0,contract,0,0,native,0,3b02e635229bf7a1e6c718afb9bf2327939f5f71f1097247e1bf6b9126c4fa6a,71c8ea531bd05fe5962ca7e5bf8bae4b79411292f554688dd189b57cc76577fd
high-half-64-hits,hash,1,contract,0,0,native,0,d35d6134d622788a8029dc2572c1cccafb29352339c805e4627f63829eea369d,8dc9f24ad9431b31593f8a8f1261ccddf0f037350048ab05ac791d790fd69783
high-half-64-hits,hash,3,contract,0,0,native,0,b46a05083d4085d081b6edce556117d5707304ab2695906d015ac05b7f73e560,5733e60591616ae7fd2dfb4374f74d386548e0d8b594a05904a21ca82528bb0b
high-half-64-hits,scan,0,contract,0,0,native,0,3b02e635229bf7a1e6c718afb9bf2327939f5f71f1097247e1bf6b9126c4fa6a,31bff49be6acd9b431eb2110d771b3d602a2f18909ca5ff1dd9f2507ccf872f6
high-half-64-hits,scan,1,contract,0,0,native,0,d35d6134d622788a8029dc2572c1cccafb29352339c805e4627f63829eea369d,e42d79a6b993f7cd99c4b64ae34ebfec3e24cd6c1445151ed957926e30bb5c69
high-half-64-hits,scan,3,contract,0,0,native,0,b46a05083d4085d081b6edce556117d5707304ab2695906d015ac05b7f73e560,a0446a5b2545796567c400c9bd2abdc1a1c1095a2a04ba93edb059f4b70b3c73
high-half-64-misses,hash,0,contract,0,0,native,0,2d2ec9a5061b070760f6e9825037712d5e3bb4546becbd8bd75e681387998b53,71c8ea531bd05fe5962ca7e5bf8bae4b79411292f554688dd189b57cc76577fd
high-half-64-misses,hash,1,contract,0,0,native,0,875d2eda9592b656e345f9d8f2730b8a9115521f778936a2dd70fa89d0cd1118,1b78334cd6f2c14437b4b780f4e572a5cbf11437c6e4ab59aa779f52fdec8394
high-half-64-misses,hash,3,contract,0,0,native,0,4aa94d871b905f2aad6558f3d4a0452aa72127a332fd6b40884b37ea322f5889,9c7183bcd536fdc38595a07e24c3eb9a82a1f72ad6996bdd2f4642d4781f78d1
high-half-64-misses,scan,0,contract,0,0,native,0,2d2ec9a5061b070760f6e9825037712d5e3bb4546becbd8bd75e681387998b53,31bff49be6acd9b431eb2110d771b3d602a2f18909ca5ff1dd9f2507ccf872f6
high-half-64-misses,scan,1,contract,0,0,native,0,875d2eda9592b656e345f9d8f2730b8a9115521f778936a2dd70fa89d0cd1118,6d5ac1a232ec8d3990b0e2b8b5ef300247d49c2ebedb07c9f34f2889191662ad
high-half-64-misses,scan,3,contract,0,0,native,1,4aa94d871b905f2aad6558f3d4a0452aa72127a332fd6b40884b37ea322f5889,c0c420b810227c1601b30e5d4b5baf1b500482e905fb21a5012ea3e46514bea3
high-half-64-churn,hash,0,contract,0,0,native,0,6acdc0df14befcf500d570fa291e5a35e086ade4445d32ca37657663a255bf2c,71c8ea531bd05fe5962ca7e5bf8bae4b79411292f554688dd189b57cc76577fd
high-half-64-churn,hash,1,contract,0,0,native,0,4406807c5cde443b70318b60360a0b3afaab9eb99ab19de3d8f0e7af9e23d56c,42d8c67093c87a81d92ba37c2d47af480799bd930bc0a99d489974678d92460c
high-half-64-churn,hash,3,contract,0,0,native,0,e3f74406de7cd626801d2991d239221d8fd47b05fe3c9f1e042576e1b55fd026,74af98c756ffa2bc96d19dd26260e02b472f5e17ad176d41164af07852dfbb6e
high-half-64-churn,scan,0,contract,0,0,native,0,6acdc0df14befcf500d570fa291e5a35e086ade4445d32ca37657663a255bf2c,31bff49be6acd9b431eb2110d771b3d602a2f18909ca5ff1dd9f2507ccf872f6
high-half-64-churn,scan,1,contract,0,0,native,0,4406807c5cde443b70318b60360a0b3afaab9eb99ab19de3d8f0e7af9e23d56c,70319ed0f61d534182bee7a30c57c4862b6add8afc1745c849fac528c3340847
high-half-64-churn,scan,3,contract,0,0,native,0,e3f74406de7cd626801d2991d239221d8fd47b05fe3c9f1e042576e1b55fd026,a2bae1a0bda909ac34116b736ce9f0281fe2140df327637b665c8f1d5be12661
cluster-64-hits,hash,0,contract,0,0,native,0,e895ffce770664e08151d7d932a5b7b7ef0e4535ad0dc0873ac489dbc79c48b1,53a07a80eb9bcc8483f08ef577c203f6feefeb158314aabb4e48bf0ed2536181
cluster-64-hits,hash,1,contract,0,0,native,0,dcf1061453b9b8544c74f809d558f992eb188eb5bee09788615410f7a67dfe20,b006194061428f5e8d7d9d2ebd7bbcba2943de79cfcdb331cf0687b74ad2cfc1
cluster-64-hits,hash,3,contract,0,0,native,0,1c220391df58240838752fecf8edce20b48c53e3a941ef362bfc37415bcca490,06befe7fab7aa320833c5db1f9c80df0e1d3696f20ed792a69329b8ffd7aa5c8
cluster-64-hits,scan,0,contract,0,0,native,0,e895ffce770664e08151d7d932a5b7b7ef0e4535ad0dc0873ac489dbc79c48b1,2354b22879277a86bc1e0a0b01438144ceb98f4ba71de79ae4396b96b00e8754
cluster-64-hits,scan,1,contract,0,0,native,0,dcf1061453b9b8544c74f809d558f992eb188eb5bee09788615410f7a67dfe20,fc3b41a96e7a131b68eea4ce5a4fd73e81e2ee65cbc87002ae946f7bd912fc01
cluster-64-hits,scan,3,contract,0,0,native,0,1c220391df58240838752fecf8edce20b48c53e3a941ef362bfc37415bcca490,8eca103a2942d3f98f11e5356b6bf9c5a7365adfbac9a3b392727e8001864bf2
cluster-64-misses,hash,0,contract,0,0,native,0,18f298401185e70f066ff01483abc01481ebcc926bc055e5430703182e4560ad,53a07a80eb9bcc8483f08ef577c203f6feefeb158314aabb4e48bf0ed2536181
cluster-64-misses,hash,1,contract,0,0,native,1,a73279d0ecc6c537e019ea7ad029eeef4b7d4c5c45c99b1297983781dba8a63c,205440c9163745f6cc1c9604de6df78afa0fb578ced86e421c048815ea511544
cluster-64-misses,hash,3,contract,0,0,native,1,0e2507f471d3e606bef6156706bbc9b8f49280c6de9408b7252af730c0a1b321,16e87914b4345a962d48f59427f832ffe2132f6cd0f896d22c5585211de0c6f1
cluster-64-misses,scan,0,contract,0,0,native,0,18f298401185e70f066ff01483abc01481ebcc926bc055e5430703182e4560ad,2354b22879277a86bc1e0a0b01438144ceb98f4ba71de79ae4396b96b00e8754
cluster-64-misses,scan,1,contract,0,0,native,0,a73279d0ecc6c537e019ea7ad029eeef4b7d4c5c45c99b1297983781dba8a63c,29b6e5deff5a0c67e7fe788f319f6c7087fc92b01dca3874ad2eccf74d9fbaa4
cluster-64-misses,scan,3,contract,0,0,native,0,0e2507f471d3e606bef6156706bbc9b8f49280c6de9408b7252af730c0a1b321,70c398deb374f4c1604f01232f1ca3a790ee5365518a8bbdf2c0a53ec3141a01
cluster-64-churn,hash,0,contract,0,0,native,0,6c01697b955075f30ddbf3c1522cf4ec016b7b98ad5f4d3859a3c0de8ca106c1,53a07a80eb9bcc8483f08ef577c203f6feefeb158314aabb4e48bf0ed2536181
cluster-64-churn,hash,1,contract,0,0,native,0,cec65c75c27d74c7640a3a1139d42be8d05da02d6f80ebbd3c3aa30c7c31d1d0,c730aaf0f9177cfdab3fb67842fe165aa9bee302810a44e47add8c71ac7f8b20
cluster-64-churn,hash,3,contract,0,0,native,0,f8b94209a464d01e2d9e49f03a3d07a0fbd8aec952016631f741aef900bdf3b6,53e1753cfa0b3c03db15b646089f9f5538812a0a31eb458c7d78ce6be08e2c39
cluster-64-churn,scan,0,contract,0,0,native,0,6c01697b955075f30ddbf3c1522cf4ec016b7b98ad5f4d3859a3c0de8ca106c1,2354b22879277a86bc1e0a0b01438144ceb98f4ba71de79ae4396b96b00e8754
cluster-64-churn,scan,1,contract,0,0,native,0,cec65c75c27d74c7640a3a1139d42be8d05da02d6f80ebbd3c3aa30c7c31d1d0,d27f0ca6bea16e3e00412eeb31a17acefddcda0a1b7c397931672b78c2b69dd9
cluster-64-churn,scan,3,contract,0,0,native,1,f8b94209a464d01e2d9e49f03a3d07a0fbd8aec952016631f741aef900bdf3b6,51a658a7f2569ce4de5b64d9f35c9c7783b2581534444ed5180830275f65a81b
random-8-hits,hash,0,contract,0,0,ubsan,0,0a25afda35e7c3f55fb397eb741477b91afe6b39798080095e4e63997bc7302e,8ce2930c3e3101582b784cf77af665188831ab068f51a427c23b290d76c32cbd
random-8-hits,hash,1,contract,0,0,ubsan,0,0b2ac9d6dc9898ec226dc9b7a8e6bf470ea9911b900e58fc81cd0c7d92057aa3,63aa53b7645a802f4ef6fe8c36d5c2bb17ff35d53c7d680d046a6a1e00c2f5c7
random-8-hits,hash,3,contract,0,0,ubsan,0,4853ab7a2035da03b1ef1c16271aaae6e998dd109a710f704d055eb09361af50,e8a56d11f750a116678a4e4b85d540ca98da3f3ead4202c9ced298c8ae8c506a
random-8-hits,scan,0,contract,0,0,ubsan,0,0a25afda35e7c3f55fb397eb741477b91afe6b39798080095e4e63997bc7302e,35b0d9eb5e30100afd84750054763e67b23260d0ed47239192f6fb687b6dba87
random-8-hits,scan,1,contract,0,0,ubsan,0,0b2ac9d6dc9898ec226dc9b7a8e6bf470ea9911b900e58fc81cd0c7d92057aa3,1f0bfb3f1248a84093a952aa3fca3611116bef52e2376dd6bde1f99256f215d3
random-8-hits,scan,3,contract,0,0,ubsan,0,4853ab7a2035da03b1ef1c16271aaae6e998dd109a710f704d055eb09361af50,0a04a44a6ed5b1b21fd90eb0385352604f8bb30c3fc61a4da52442713ee22e1f
random-8-misses,hash,0,contract,0,0,ubsan,0,78d72f3a038ddb71b4f7af409eb89840d14c51e7d704a23b87e114eebb0bcdd1,8ce2930c3e3101582b784cf77af665188831ab068f51a427c23b290d76c32cbd
random-8-misses,hash,1,contract,0,0,ubsan,0,c4b24250101d91c9ea0b74b28d35ba57d4101948295ddd91e63a6606398ac66e,1e6ee8d3828436bdc97f51b5aa6fa248af26674dd0358293bcdca102bc834ab2
random-8-misses,hash,3,contract,0,0,ubsan,0,edd27df2820cca13597f40ddc4c095b302bf9128f8887347eec234b1b7b221d1,958c9cdb3ecd2953d52aaa5d256a13f611ae1e532598af8eb30684a4c8523459
random-8-misses,scan,0,contract,0,0,ubsan,0,78d72f3a038ddb71b4f7af409eb89840d14c51e7d704a23b87e114eebb0bcdd1,35b0d9eb5e30100afd84750054763e67b23260d0ed47239192f6fb687b6dba87
random-8-misses,scan,1,contract,0,0,ubsan,0,c4b24250101d91c9ea0b74b28d35ba57d4101948295ddd91e63a6606398ac66e,0a474bccb3492236d0fa82552e6a99cf6cde48cc8f235f1eb98af537ff18c23d
random-8-misses,scan,3,contract,0,0,ubsan,0,edd27df2820cca13597f40ddc4c095b302bf9128f8887347eec234b1b7b221d1,4ac8f43a9979330971222b4f60b7889e922742e72cfd6ff543e1e4ac184eadf7
random-8-churn,hash,0,contract,0,0,ubsan,0,2e95f26b92198fd0ea3c24132f4133e9597e8da437088b4a6e2004f0aed72d08,8ce2930c3e3101582b784cf77af665188831ab068f51a427c23b290d76c32cbd
random-8-churn,hash,1,contract,0,0,ubsan,0,69cf44c4c35fc5c5c95ba01deec9d3aca1576b877c87ad7127a1354d15b221f2,28d171cde55d80b49d9c9a3f8e9b8b66f83c35eb2eec6c951d199929bb381f07
random-8-churn,hash,3,contract,0,0,ubsan,0,530059531e6ab7ce316278e213c7381554485001f2eff9c1438b851e0aeff519,c37e92a4bb1607a3991f45fb6b75cde836b349f998132c16193ffa05eef7b9ed
random-8-churn,scan,0,contract,0,0,ubsan,0,2e95f26b92198fd0ea3c24132f4133e9597e8da437088b4a6e2004f0aed72d08,35b0d9eb5e30100afd84750054763e67b23260d0ed47239192f6fb687b6dba87
random-8-churn,scan,1,contract,0,0,ubsan,0,69cf44c4c35fc5c5c95ba01deec9d3aca1576b877c87ad7127a1354d15b221f2,97a89f85c905e700335927eeb316d90d5d9ec5155d7619939d0b48fe3a83ea30
random-8-churn,scan,3,contract,0,0,ubsan,0,530059531e6ab7ce316278e213c7381554485001f2eff9c1438b851e0aeff519,7fc5ff91e193b6205c8500bdd2cfa471f0604c71c650903f498d3da3c3ba8edd
random-64-hits,hash,0,contract,0,0,ubsan,0,8e2150ae25b61d0ff7f2c6b5a03e5c6be6e007a5378d330f63a221dd6f167b9f,3cd2757b88eef76b856f6fa49d7edbfe6b253a7bd37e0ec1d42538c5df88a900
random-64-hits,hash,1,contract,0,0,ubsan,0,64144ba4af5955f36ae331d2608b9e0e0a0e79d40faf59e535f3fb2d923fef8f,8518229c5f49012e5e480171a1be9f69271ccc80c2c2f22c368d9c9dc9c1cec0
random-64-hits,hash,3,contract,0,0,ubsan,0,1b130b8fa2e446467bbec164981c616d9429e5f9eea0705aaa6046101b10cb79,1c62cf02dbe099fa896fbeff9f8c327e3c9195a823785cc8c6d338f934416298
random-64-hits,scan,0,contract,0,0,ubsan,0,8e2150ae25b61d0ff7f2c6b5a03e5c6be6e007a5378d330f63a221dd6f167b9f,7af05754803016015c365719d6113954bbf5bff4569d85bb5f06d76d671a4ecf
random-64-hits,scan,1,contract,0,0,ubsan,0,64144ba4af5955f36ae331d2608b9e0e0a0e79d40faf59e535f3fb2d923fef8f,118edc04f59bb5fa762de269f54872bf53420f18f8c2125c212d0acd75b08baf
random-64-hits,scan,3,contract,0,0,ubsan,0,1b130b8fa2e446467bbec164981c616d9429e5f9eea0705aaa6046101b10cb79,1dcf4514335ab6179d79a2d0dc59191c3cbfedf9a4fc1640fd7f66c14e3a4b87
random-64-misses,hash,0,contract,0,0,ubsan,0,63d480c43fbc8eaf0af856c9ea458a53e4ef92f2ec72800bb10c370d077f6cef,3cd2757b88eef76b856f6fa49d7edbfe6b253a7bd37e0ec1d42538c5df88a900
random-64-misses,hash,1,contract,0,0,ubsan,0,0c407c404d4d434fa13b56a657500d15b7667f3511aa8041b64f8c42bd76f0bf,336fa9e3711444332666540f23debf47c8a4e78cd95dfaeac093563eccf5140d
random-64-misses,hash,3,contract,0,0,ubsan,0,36919c6f3d719824b124d6b1974af3f012e5fedf5c9af1c24d210a3c0e2099a4,5678706d7b73d2264bd1cdcca0be440be2dd731990bd3c58cbc71607d2e57a33
random-64-misses,scan,0,contract,0,0,ubsan,0,63d480c43fbc8eaf0af856c9ea458a53e4ef92f2ec72800bb10c370d077f6cef,7af05754803016015c365719d6113954bbf5bff4569d85bb5f06d76d671a4ecf
random-64-misses,scan,1,contract,0,0,ubsan,0,0c407c404d4d434fa13b56a657500d15b7667f3511aa8041b64f8c42bd76f0bf,822af25b8fba30801fa2fea740808d80fa7a45d233d77d4d26d5aef1f2b05b4d
random-64-misses,scan,3,contract,0,0,ubsan,0,36919c6f3d719824b124d6b1974af3f012e5fedf5c9af1c24d210a3c0e2099a4,c5fbc49b9d352c674f45ce3bb5c20795c0e400483539d06f76ee03e2cae147f6
random-64-churn,hash,0,contract,0,0,ubsan,0,f6567b882c6201d926e48324ef70f7aaa60ff85fa718ca676d743998f30764b6,3cd2757b88eef76b856f6fa49d7edbfe6b253a7bd37e0ec1d42538c5df88a900
random-64-churn,hash,1,contract,0,0,ubsan,0,9bc3f2e88cb87d5ddc786d4290e31de3e44bcc16b1625647dbbb7984fa0eb19a,a3ad94048b2bc1560f18c52842bcd4efa1f9ff3a56c1d6a0eb0c8dc8fd69e853
random-64-churn,hash,3,contract,0,0,ubsan,0,267b940cfd4afc40fcc6aed531fd55ca16859f228115d36411443eedd34c3433,77d9484d5513ce03e30e81347686517f3b875131f0dfeb579968ba6d3e166a2f
random-64-churn,scan,0,contract,0,0,ubsan,0,f6567b882c6201d926e48324ef70f7aaa60ff85fa718ca676d743998f30764b6,7af05754803016015c365719d6113954bbf5bff4569d85bb5f06d76d671a4ecf
random-64-churn,scan,1,contract,0,0,ubsan,0,9bc3f2e88cb87d5ddc786d4290e31de3e44bcc16b1625647dbbb7984fa0eb19a,8d2bcb6e6c95e9e22377d05fa2a4b8fb697a6877de29b8804c784bec3269ea11
random-64-churn,scan,3,contract,0,0,ubsan,1,267b940cfd4afc40fcc6aed531fd55ca16859f228115d36411443eedd34c3433,afdf0efbb2883a02b640c349c9b3a402ed151bf26f7652349981a2276f1f345a
random-256-hits,hash,0,contract,0,0,ubsan,0,820cfdb91412e3bb862e0eb2cd977bc7b302974b4fd76eef0c2638b7d87e5993,69a8590df663ad61c082e5944787efc5519945e2e71a2ec555d05ba26d9209a4
random-256-hits,hash,1,contract,0,0,ubsan,0,bd600c0d0c63cab63230b7bf7cf0af0d332a796b767c04c13f523af7e4ff8672,7dd2e7319fd1459d741c873854613d0012bd30f94613b31b0727b33549efd406
random-256-hits,hash,3,contract,0,0,ubsan,0,3a388a78cb26a4697b8e5ca032418bce6d2af616824880491bc41c69b925affb,ea71978669257ebc8bd7c20121c5589f5fbde5cfd55368bddc150b40296ee5f2
random-256-hits,scan,0,contract,0,0,ubsan,0,820cfdb91412e3bb862e0eb2cd977bc7b302974b4fd76eef0c2638b7d87e5993,37a94837d24b83b45619fb5f2db064741da3ff6eff4a989565b965ec9aedf4d8
random-256-hits,scan,1,contract,0,0,ubsan,1,bd600c0d0c63cab63230b7bf7cf0af0d332a796b767c04c13f523af7e4ff8672,d20fe760ffb7f6c2c96dd78c30e2bd6c1148c6e8b2fbe79d41ed81ed50b2efc3
random-256-hits,scan,3,contract,0,0,ubsan,0,3a388a78cb26a4697b8e5ca032418bce6d2af616824880491bc41c69b925affb,354949882d1de34f11349d6eddde6d57884d9117ab6903a8e95cad0f1cf66d95
random-256-misses,hash,0,contract,0,0,ubsan,0,07a8318117388b6ca713466d031e6066bd96b2780d89a23691e06678ec1ceb78,69a8590df663ad61c082e5944787efc5519945e2e71a2ec555d05ba26d9209a4
random-256-misses,hash,1,contract,0,0,ubsan,0,747288bcaa5a7ee9cb4685407cedcc1b80f828a59d053b9c6f26d27647090fd4,95a4f180a35325c7244ff54fe51ca28f6fd7d9fff0722e03911f352380083a79
random-256-misses,hash,3,contract,0,0,ubsan,0,ab7db71c23111cc09a203bb0d50563dd7f3d1c8f42eff4179e3ea25a5562f865,528a358d21b29f0b43557afd363e154d6ca940d9da2eaf582e275304d8e88c27
random-256-misses,scan,0,contract,0,0,ubsan,1,07a8318117388b6ca713466d031e6066bd96b2780d89a23691e06678ec1ceb78,46e04dd201f6b80192da14a1d173e3ae33cd6309a220d56fa494c4a71362ea56
random-256-misses,scan,1,contract,0,0,ubsan,0,747288bcaa5a7ee9cb4685407cedcc1b80f828a59d053b9c6f26d27647090fd4,a40dee35595008c5c9c0fc8f54385ffde0edd40883395d278579b6a8e18b1a15
random-256-misses,scan,3,contract,0,0,ubsan,1,ab7db71c23111cc09a203bb0d50563dd7f3d1c8f42eff4179e3ea25a5562f865,117a6c87ab45d93bb7bba7b5bcc4f1293f4cb5d0292f2d901d982ce30fc9cd51
random-256-churn,hash,0,contract,0,0,ubsan,0,193874093bc1dfe608238c3bf9fbc89a967a1319ed41c0c4c6e27104fb4722d0,69a8590df663ad61c082e5944787efc5519945e2e71a2ec555d05ba26d9209a4
random-256-churn,hash,1,contract,0,0,ubsan,1,8eb0d1e9126506b40c329d1455cbb4f1e37f3b57cd8f23b804994734c9cb6c51,ac178264f5e52fe4a8e791b46ad23a15b134fb0fc9ad6fd415c821d04076e60f
random-256-churn,hash,3,contract,0,0,ubsan,0,c27af956df5e77f4f4b182d8e0a904fa6d40ca2e41b4cd3ea02f1fbe8db16314,f4c5f37fd7c9b1a06ca740158aa235dda732a20948a6b9dd9d91b384eb0dacce
random-256-churn,scan,0,contract,0,0,ubsan,0,193874093bc1dfe608238c3bf9fbc89a967a1319ed41c0c4c6e27104fb4722d0,37a94837d24b83b45619fb5f2db064741da3ff6eff4a989565b965ec9aedf4d8
random-256-churn,scan,1,contract,0,0,ubsan,0,8eb0d1e9126506b40c329d1455cbb4f1e37f3b57cd8f23b804994734c9cb6c51,a76831f54bdcd280ea21b5aec2551bdbb8456dedbbcbcf12026c3833349e3b7d
random-256-churn,scan,3,contract,0,0,ubsan,1,c27af956df5e77f4f4b182d8e0a904fa6d40ca2e41b4cd3ea02f1fbe8db16314,86b7f283147d1375109215df0d70c377adfc445e08e06670bbb5e8904421bceb
high-half-64-hits,hash,0,contract,0,0,ubsan,0,3b02e635229bf7a1e6c718afb9bf2327939f5f71f1097247e1bf6b9126c4fa6a,71c8ea531bd05fe5962ca7e5bf8bae4b79411292f554688dd189b57cc76577fd
high-half-64-hits,hash,1,contract,0,0,ubsan,0,d35d6134d622788a8029dc2572c1cccafb29352339c805e4627f63829eea369d,8dc9f24ad9431b31593f8a8f1261ccddf0f037350048ab05ac791d790fd69783
high-half-64-hits,hash,3,contract,0,0,ubsan,0,b46a05083d4085d081b6edce556117d5707304ab2695906d015ac05b7f73e560,5733e60591616ae7fd2dfb4374f74d386548e0d8b594a05904a21ca82528bb0b
high-half-64-hits,scan,0,contract,0,0,ubsan,0,3b02e635229bf7a1e6c718afb9bf2327939f5f71f1097247e1bf6b9126c4fa6a,31bff49be6acd9b431eb2110d771b3d602a2f18909ca5ff1dd9f2507ccf872f6
high-half-64-hits,scan,1,contract,0,0,ubsan,0,d35d6134d622788a8029dc2572c1cccafb29352339c805e4627f63829eea369d,e42d79a6b993f7cd99c4b64ae34ebfec3e24cd6c1445151ed957926e30bb5c69
high-half-64-hits,scan,3,contract,0,0,ubsan,0,b46a05083d4085d081b6edce556117d5707304ab2695906d015ac05b7f73e560,a0446a5b2545796567c400c9bd2abdc1a1c1095a2a04ba93edb059f4b70b3c73
high-half-64-misses,hash,0,contract,0,0,ubsan,0,2d2ec9a5061b070760f6e9825037712d5e3bb4546becbd8bd75e681387998b53,71c8ea531bd05fe5962ca7e5bf8bae4b79411292f554688dd189b57cc76577fd
high-half-64-misses,hash,1,contract,0,0,ubsan,0,875d2eda9592b656e345f9d8f2730b8a9115521f778936a2dd70fa89d0cd1118,1b78334cd6f2c14437b4b780f4e572a5cbf11437c6e4ab59aa779f52fdec8394
high-half-64-misses,hash,3,contract,0,0,ubsan,0,4aa94d871b905f2aad6558f3d4a0452aa72127a332fd6b40884b37ea322f5889,9c7183bcd536fdc38595a07e24c3eb9a82a1f72ad6996bdd2f4642d4781f78d1
high-half-64-misses,scan,0,contract,0,0,ubsan,0,2d2ec9a5061b070760f6e9825037712d5e3bb4546becbd8bd75e681387998b53,31bff49be6acd9b431eb2110d771b3d602a2f18909ca5ff1dd9f2507ccf872f6
high-half-64-misses,scan,1,contract,0,0,ubsan,0,875d2eda9592b656e345f9d8f2730b8a9115521f778936a2dd70fa89d0cd1118,6d5ac1a232ec8d3990b0e2b8b5ef300247d49c2ebedb07c9f34f2889191662ad
high-half-64-misses,scan,3,contract,0,0,ubsan,1,4aa94d871b905f2aad6558f3d4a0452aa72127a332fd6b40884b37ea322f5889,c0c420b810227c1601b30e5d4b5baf1b500482e905fb21a5012ea3e46514bea3
high-half-64-churn,hash,0,contract,0,0,ubsan,0,6acdc0df14befcf500d570fa291e5a35e086ade4445d32ca37657663a255bf2c,71c8ea531bd05fe5962ca7e5bf8bae4b79411292f554688dd189b57cc76577fd
high-half-64-churn,hash,1,contract,0,0,ubsan,0,4406807c5cde443b70318b60360a0b3afaab9eb99ab19de3d8f0e7af9e23d56c,42d8c67093c87a81d92ba37c2d47af480799bd930bc0a99d489974678d92460c
high-half-64-churn,hash,3,contract,0,0,ubsan,1,e3f74406de7cd626801d2991d239221d8fd47b05fe3c9f1e042576e1b55fd026,573fc6f6601cb38b196b3d4206f6a9d138974bfcee34a1400f23b7b6a8d5d69a
high-half-64-churn,scan,0,contract,0,0,ubsan,0,6acdc0df14befcf500d570fa291e5a35e086ade4445d32ca37657663a255bf2c,31bff49be6acd9b431eb2110d771b3d602a2f18909ca5ff1dd9f2507ccf872f6
high-half-64-churn,scan,1,contract,0,0,ubsan,0,4406807c5cde443b70318b60360a0b3afaab9eb99ab19de3d8f0e7af9e23d56c,70319ed0f61d534182bee7a30c57c4862b6add8afc1745c849fac528c3340847
high-half-64-churn,scan,3,contract,0,0,ubsan,1,e3f74406de7cd626801d2991d239221d8fd47b05fe3c9f1e042576e1b55fd026,6d2c1e5f408793ab945ae87c5d369f60bf7d63e95404d42264685d82169f1f1d
cluster-64-hits,hash,0,contract,0,0,ubsan,0,e895ffce770664e08151d7d932a5b7b7ef0e4535ad0dc0873ac489dbc79c48b1,53a07a80eb9bcc8483f08ef577c203f6feefeb158314aabb4e48bf0ed2536181
cluster-64-hits,hash,1,contract,0,0,ubsan,0,dcf1061453b9b8544c74f809d558f992eb188eb5bee09788615410f7a67dfe20,b006194061428f5e8d7d9d2ebd7bbcba2943de79cfcdb331cf0687b74ad2cfc1
cluster-64-hits,hash,3,contract,0,0,ubsan,1,1c220391df58240838752fecf8edce20b48c53e3a941ef362bfc37415bcca490,039ad2d28032d842993eb5def3e73a7dee0b374b27cadf6ea939fd8aee3c39ba
cluster-64-hits,scan,0,contract,0,0,ubsan,0,e895ffce770664e08151d7d932a5b7b7ef0e4535ad0dc0873ac489dbc79c48b1,2354b22879277a86bc1e0a0b01438144ceb98f4ba71de79ae4396b96b00e8754
cluster-64-hits,scan,1,contract,0,0,ubsan,0,dcf1061453b9b8544c74f809d558f992eb188eb5bee09788615410f7a67dfe20,fc3b41a96e7a131b68eea4ce5a4fd73e81e2ee65cbc87002ae946f7bd912fc01
cluster-64-hits,scan,3,contract,0,0,ubsan,0,1c220391df58240838752fecf8edce20b48c53e3a941ef362bfc37415bcca490,8eca103a2942d3f98f11e5356b6bf9c5a7365adfbac9a3b392727e8001864bf2
cluster-64-misses,hash,0,contract,0,0,ubsan,0,18f298401185e70f066ff01483abc01481ebcc926bc055e5430703182e4560ad,53a07a80eb9bcc8483f08ef577c203f6feefeb158314aabb4e48bf0ed2536181
cluster-64-misses,hash,1,contract,0,0,ubsan,1,a73279d0ecc6c537e019ea7ad029eeef4b7d4c5c45c99b1297983781dba8a63c,205440c9163745f6cc1c9604de6df78afa0fb578ced86e421c048815ea511544
cluster-64-misses,hash,3,contract,0,0,ubsan,1,0e2507f471d3e606bef6156706bbc9b8f49280c6de9408b7252af730c0a1b321,16e87914b4345a962d48f59427f832ffe2132f6cd0f896d22c5585211de0c6f1
cluster-64-misses,scan,0,contract,0,0,ubsan,0,18f298401185e70f066ff01483abc01481ebcc926bc055e5430703182e4560ad,2354b22879277a86bc1e0a0b01438144ceb98f4ba71de79ae4396b96b00e8754
cluster-64-misses,scan,1,contract,0,0,ubsan,0,a73279d0ecc6c537e019ea7ad029eeef4b7d4c5c45c99b1297983781dba8a63c,29b6e5deff5a0c67e7fe788f319f6c7087fc92b01dca3874ad2eccf74d9fbaa4
cluster-64-misses,scan,3,contract,0,0,ubsan,0,0e2507f471d3e606bef6156706bbc9b8f49280c6de9408b7252af730c0a1b321,70c398deb374f4c1604f01232f1ca3a790ee5365518a8bbdf2c0a53ec3141a01
cluster-64-churn,hash,0,contract,0,0,ubsan,0,6c01697b955075f30ddbf3c1522cf4ec016b7b98ad5f4d3859a3c0de8ca106c1,53a07a80eb9bcc8483f08ef577c203f6feefeb158314aabb4e48bf0ed2536181
cluster-64-churn,hash,1,contract,0,0,ubsan,1,cec65c75c27d74c7640a3a1139d42be8d05da02d6f80ebbd3c3aa30c7c31d1d0,5db4efb9295fc3f692a5caaf7774d67153883976a124b797c0fb624391278bef
cluster-64-churn,hash,3,contract,0,0,ubsan,2,f8b94209a464d01e2d9e49f03a3d07a0fbd8aec952016631f741aef900bdf3b6,d5756e6a6eac973802d1b477b9d94c591bb6019a9a4c0ac96e5a80dff80ac1f7
cluster-64-churn,scan,0,contract,0,0,ubsan,0,6c01697b955075f30ddbf3c1522cf4ec016b7b98ad5f4d3859a3c0de8ca106c1,2354b22879277a86bc1e0a0b01438144ceb98f4ba71de79ae4396b96b00e8754
cluster-64-churn,scan,1,contract,0,0,ubsan,0,cec65c75c27d74c7640a3a1139d42be8d05da02d6f80ebbd3c3aa30c7c31d1d0,d27f0ca6bea16e3e00412eeb31a17acefddcda0a1b7c397931672b78c2b69dd9
cluster-64-churn,scan,3,contract,0,0,ubsan,0,f8b94209a464d01e2d9e49f03a3d07a0fbd8aec952016631f741aef900bdf3b6,c9bc4b685c3493aceeb040800c3e47511ec6e81d9ba3a3ec494d28c73b161bd6
random-8-hits,hash,32,calibration,0,0,native,0,8d8765973cc1fffb7c437deab685a1c612f6749b0b036a90048718aaf7353509,2be690f69b14e74b47dd07a32023ca565fca662e145a995a2bf5c8fc2fc4251f
random-8-hits,scan,32,calibration,0,1,native,0,8d8765973cc1fffb7c437deab685a1c612f6749b0b036a90048718aaf7353509,7cd3ec9f3332b1c62ba42e13008d7b2928b6d4ac947a74852fea0eaa153b9bc9
random-8-hits,hash,64,calibration,1,0,native,1,0fe3c4dc4b38517bf3fb8c6b3071ab97d85c6ab787983f6a675c8cf0b8fe6653,80f411de7ee84b808ff2f45aa3f90030b88607cc00b13e41d62008599ec246dd
random-8-hits,scan,64,calibration,1,1,native,1,0fe3c4dc4b38517bf3fb8c6b3071ab97d85c6ab787983f6a675c8cf0b8fe6653,f6c6b823a5b874bbcf2890d2d5febc78a58863a9b74d2cbcc68e18f1030dbfe6
random-8-hits,hash,128,calibration,2,0,native,1,360b14b04027c24b4ae002ab91765c4b7120a85784224bc1f53007c8997fb87a,a1012e99e86b26f51a5ca26463cff19bef13819369df0758243507679e3e258e
random-8-hits,scan,128,calibration,2,1,native,1,360b14b04027c24b4ae002ab91765c4b7120a85784224bc1f53007c8997fb87a,6ecfa2914794f10cfc97319864d367d642690194622b153ebd130e5678ef78e5
random-8-hits,hash,256,calibration,3,0,native,1,f927a2fe97d81f3a8cc3fcb6878f08d300e48942b359fb8f2a2e31cfb6b8878b,0a86e121a3aee16272307b79dd04044794266a9feaf4be85708b566806ef376a
random-8-hits,scan,256,calibration,3,1,native,4,f927a2fe97d81f3a8cc3fcb6878f08d300e48942b359fb8f2a2e31cfb6b8878b,1027bd39e794ff92feaf184b8d927b41f4edb9e8c6b54e583fa8a42d0e890716
random-8-hits,hash,512,calibration,4,0,native,4,b073d0ec07d37a56d6ef0962336f13eda3e53b7e9217e0c4a9dcf941e287d0e2,57c0b29a6b3e0058e8a77c7d9eb332da7f6eb10c1760c8a1d97fe1c367c45b35
random-8-hits,scan,512,calibration,4,1,native,9,b073d0ec07d37a56d6ef0962336f13eda3e53b7e9217e0c4a9dcf941e287d0e2,e47dbf24aaed814a4b2809ce4dbbc26f196a3bd775a5fd5bbb0b3a3b6727e057
random-8-hits,hash,1024,calibration,5,0,native,9,e8bb3e70d8960e05b19e739cc551fb494734561d60d341009929c4f33ca63721,5a37584cd600832d430397d76b2a3181dc4118f73978d520d72d581bd184ce85
random-8-hits,scan,1024,calibration,5,1,native,17,e8bb3e70d8960e05b19e739cc551fb494734561d60d341009929c4f33ca63721,ac14a7a5d2d89b000f5d4f555ef6a51d4273805cc392d4a3098c31ebbac4c93b
random-8-hits,hash,2048,calibration,6,0,native,15,4eff380e59b5ff25ca617868043a2a21094e9ac714656936e02936b461a2cdb2,53f2ed0a9f1c5a6aef8c5d2dcf4b5b455a4bd7f782494dfc44d8b81e5451efb9
random-8-hits,scan,2048,calibration,6,1,native,22,4eff380e59b5ff25ca617868043a2a21094e9ac714656936e02936b461a2cdb2,87c9834b5b38a2063a542111b9b720fdd0ba9242be2edac3a17591f4f62e9fd2
random-8-hits,hash,4096,calibration,7,0,native,29,c316979467ebf4f0e53d3cdcb4dc87f85e6d1390ae5efb97d69ef7ba829f5e49,c88e6751ed4773fce534c4577a14eb931b058f72af32d4bbdd4e0d7c99466fe5
random-8-hits,scan,4096,calibration,7,1,native,44,c316979467ebf4f0e53d3cdcb4dc87f85e6d1390ae5efb97d69ef7ba829f5e49,1eb42d563a5d1093ac28429439282b3ad55de3ce3966bd4534f882c2fdeaf057
random-8-hits,hash,8192,calibration,8,0,native,57,bf33f6515e9f21abb88d0fea6b059d495bf9b80ff77ffaf709007e7076d60ea7,67cdd9df80301a97be8846debbfaad8be198f0d51119e4c1028ed7a962224856
random-8-hits,scan,8192,calibration,8,1,native,96,bf33f6515e9f21abb88d0fea6b059d495bf9b80ff77ffaf709007e7076d60ea7,c5f6423769fda067f5ae4f9b7ff76ac7cac88faf48a370bac3d100428f92928d
random-8-hits,hash,16384,calibration,9,0,native,143,16ef29c068f2197443d9936012c57b988646ec8cc87701624c380e08ab37b062,042eee4e0f345ad99812bb96dca1abe77284e0f16efabbcf3baab25f85c77c62
random-8-hits,scan,16384,calibration,9,1,native,188,16ef29c068f2197443d9936012c57b988646ec8cc87701624c380e08ab37b062,6aa4b3b62341df3b78d59372c95fd362f79ec986a9e4bb76fe4cd80986ff6940
random-8-hits,hash,16384,measurement,0,0,native,120,16ef29c068f2197443d9936012c57b988646ec8cc87701624c380e08ab37b062,e621ebc6905024c63569067f89e302508834a6564cd3f4842487adc6934d1b37
random-8-hits,scan,16384,measurement,0,1,native,174,16ef29c068f2197443d9936012c57b988646ec8cc87701624c380e08ab37b062,f5ffecc825dc5a3999ca0804a2ce01a4a4f07198d7c5769ee3579b679a541b0d
random-8-hits,scan,16384,measurement,1,0,native,175,16ef29c068f2197443d9936012c57b988646ec8cc87701624c380e08ab37b062,fd4284173ec466e011aa38ad64374a6af27dc0434c88595a2e9dad90caef2adf
random-8-hits,hash,16384,measurement,1,1,native,124,16ef29c068f2197443d9936012c57b988646ec8cc87701624c380e08ab37b062,a1d211f07c1147885a4965998335277019c2ecee1965eccad4767323f98aab2e
random-8-hits,hash,16384,measurement,2,0,native,117,16ef29c068f2197443d9936012c57b988646ec8cc87701624c380e08ab37b062,fb3e2c448ec3bafeeda8c7e61d76db424ee88873efd9bdcdd545a385f11cdb3e
random-8-hits,scan,16384,measurement,2,1,native,178,16ef29c068f2197443d9936012c57b988646ec8cc87701624c380e08ab37b062,d0b8ed2579431c59b1c91eaff2c0907d505d9282ab1e8c5fdadbb9136a375b3f
random-8-hits,scan,16384,measurement,3,0,native,174,16ef29c068f2197443d9936012c57b988646ec8cc87701624c380e08ab37b062,f5ffecc825dc5a3999ca0804a2ce01a4a4f07198d7c5769ee3579b679a541b0d
random-8-hits,hash,16384,measurement,3,1,native,121,16ef29c068f2197443d9936012c57b988646ec8cc87701624c380e08ab37b062,b12f3a1cc85786dad0c6f400f61dade0c27c29ec038c10104969cc2d44b947a9
random-8-hits,hash,16384,measurement,4,0,native,121,16ef29c068f2197443d9936012c57b988646ec8cc87701624c380e08ab37b062,b12f3a1cc85786dad0c6f400f61dade0c27c29ec038c10104969cc2d44b947a9
random-8-hits,scan,16384,measurement,4,1,native,175,16ef29c068f2197443d9936012c57b988646ec8cc87701624c380e08ab37b062,fd4284173ec466e011aa38ad64374a6af27dc0434c88595a2e9dad90caef2adf
random-8-hits,scan,16384,measurement,5,0,native,176,16ef29c068f2197443d9936012c57b988646ec8cc87701624c380e08ab37b062,407ec141b06f1f5867a16634acd4e15e6ba889ddbc974958f3970834f6764823
random-8-hits,hash,16384,measurement,5,1,native,116,16ef29c068f2197443d9936012c57b988646ec8cc87701624c380e08ab37b062,0d9627524282b9b9da91c9c46ea690cbc6c2f4e0989e03b15d12af5d14a15986
random-8-misses,hash,32,calibration,0,0,native,0,12506bef83d831a9982c3dc6e654bb08a165ad9affa542f7a0edcc053c0c16f0,8378df969c31baafc01f71b03d523133d4309a1dbb804f3061578eaaa0a64710
random-8-misses,scan,32,calibration,0,1,native,1,12506bef83d831a9982c3dc6e654bb08a165ad9affa542f7a0edcc053c0c16f0,e3cc357e2d851cad09f98ae60ef09d89477b17339293fc19eb44c6da3d5065af
random-8-misses,hash,64,calibration,1,0,native,1,7bc05856ff2415c84ea9a504b5e1467bfd51becfdc520c9b82d7ff458f0cb734,9f8604ea3f6d50533d4187088ee42b0264c7d28a06e7acdc3ef03d93db079d7b
random-8-misses,scan,64,calibration,1,1,native,1,7bc05856ff2415c84ea9a504b5e1467bfd51becfdc520c9b82d7ff458f0cb734,6bf90d19cf0c533d89ab98a41abcfd43297f630d32155bd0211fa13bc4479e41
random-8-misses,hash,128,calibration,2,0,native,3,84d613078abe3e8abb21a03fb3ab79485766b87861372d561b388462656c77f4,146b59f019a76690793b09df324d0d10736a41640435489a1c80ef488a318f6a
random-8-misses,scan,128,calibration,2,1,native,2,84d613078abe3e8abb21a03fb3ab79485766b87861372d561b388462656c77f4,9ea801854556a40456adddf57e3f59682cc6bc22e93298d222b53550f21f5d22
random-8-misses,hash,256,calibration,3,0,native,4,34c9046f79ff13d601e69ace2af8a321c16b02c0537ef373563443d1007e6ead,f7101cacfed2b3fcc651c8c2e86e58806de8ced843842b960a30cf3512cca7ab
random-8-misses,scan,256,calibration,3,1,native,4,34c9046f79ff13d601e69ace2af8a321c16b02c0537ef373563443d1007e6ead,f4df6c5ee873c486308ad66483f560444b8712a4078249fc51569ab2f2140e91
random-8-misses,hash,512,calibration,4,0,native,11,133f7b8326d409b5bf98618779a112e05be7351d5d91f8e03e863cd4733d5f62,a5c8ef371f00ad33299ecbd3c379f1dbeba7ddb1324d5d71b60ea7828bb5090c
random-8-misses,scan,512,calibration,4,1,native,9,133f7b8326d409b5bf98618779a112e05be7351d5d91f8e03e863cd4733d5f62,13c1091c0922deaa3ba0d7d9eb937a9ad27419f93cd88ca9f59bfbc0c69d0bd2
random-8-misses,hash,1024,calibration,5,0,native,11,fbc8bfe7a75a1af61476cd64a3c35cb9ec8c8674eb7b928488855506d47b9d02,676520213ba74a11f1dad7852ed722a335be5a3731578501c994d334a55c18b2
random-8-misses,scan,1024,calibration,5,1,native,24,fbc8bfe7a75a1af61476cd64a3c35cb9ec8c8674eb7b928488855506d47b9d02,8b3d11743e0f135a851104b0d91d762a9dc83f02f8b75efc5e63d5c1a39d6595
random-8-misses,hash,2048,calibration,6,0,native,22,3486369256f633b323c62d1bba97743cab7b10687b082aaa4a122cbd587da2ce,47fecbd85c75c7388394b197e4f5977f889581ca57f556bf620516c6a25e865f
random-8-misses,scan,2048,calibration,6,1,native,33,3486369256f633b323c62d1bba97743cab7b10687b082aaa4a122cbd587da2ce,dbe49fdd669b4a150d2142d08e4a294e9f0047a78ec89b47c0ce561a68ea4b38
random-8-misses,hash,4096,calibration,7,0,native,44,0f9db4f850e2c9717f96d3b5ef9a0314c25a3208fcf9e9a6a5403b98a9980761,a8a3b683fcd176ddfcb25b4501527adfcd9b66594d96c2c3611bf44f5ee8328d
random-8-misses,scan,4096,calibration,7,1,native,65,0f9db4f850e2c9717f96d3b5ef9a0314c25a3208fcf9e9a6a5403b98a9980761,29ab62cb414b4d3cc6f6387a1e1fbc29d144aa65259e2cdc60ebd67574301197
random-8-misses,hash,8192,calibration,8,0,native,87,516d8a806a87625a50a99c85ac3bebd35d9feb7f24e1b9316287c4ada7ad6478,e402224a7787c737ac612e43a6552db386959e8034e002f418b8049fdb0fd868
random-8-misses,scan,8192,calibration,8,1,native,129,516d8a806a87625a50a99c85ac3bebd35d9feb7f24e1b9316287c4ada7ad6478,fcf549a54dd29f8f9b6ac8bb45f17725c3939f5a4f072f8a5fff39fbfb5603dd
random-8-misses,hash,8192,measurement,0,0,native,88,516d8a806a87625a50a99c85ac3bebd35d9feb7f24e1b9316287c4ada7ad6478,530ec4ffedd8a82228da0baddae14ba6b72705301c57fc5c62ec67f51830ff7c
random-8-misses,scan,8192,measurement,0,1,native,130,516d8a806a87625a50a99c85ac3bebd35d9feb7f24e1b9316287c4ada7ad6478,0aa12b2fa44d44677fa768ad6128581db24c34e826a32c50f2ddd65544475a86
random-8-misses,scan,8192,measurement,1,0,native,130,516d8a806a87625a50a99c85ac3bebd35d9feb7f24e1b9316287c4ada7ad6478,0aa12b2fa44d44677fa768ad6128581db24c34e826a32c50f2ddd65544475a86
random-8-misses,hash,8192,measurement,1,1,native,98,516d8a806a87625a50a99c85ac3bebd35d9feb7f24e1b9316287c4ada7ad6478,e529f23a8300e4b3acc6e1250dedfb17c99d59f17401757edf10868dd65c1161
random-8-misses,hash,8192,measurement,2,0,native,89,516d8a806a87625a50a99c85ac3bebd35d9feb7f24e1b9316287c4ada7ad6478,f05e15ce589c87defa6e0cec416b731e1bf4fcb960c7114fb832ea67cd7dcfde
random-8-misses,scan,8192,measurement,2,1,native,130,516d8a806a87625a50a99c85ac3bebd35d9feb7f24e1b9316287c4ada7ad6478,0aa12b2fa44d44677fa768ad6128581db24c34e826a32c50f2ddd65544475a86
random-8-misses,scan,8192,measurement,3,0,native,135,516d8a806a87625a50a99c85ac3bebd35d9feb7f24e1b9316287c4ada7ad6478,66cc1f37fbfe5c3331c7fe219ad4d3120e08385f56b94e009b1f2536f56efbe2
random-8-misses,hash,8192,measurement,3,1,native,87,516d8a806a87625a50a99c85ac3bebd35d9feb7f24e1b9316287c4ada7ad6478,e402224a7787c737ac612e43a6552db386959e8034e002f418b8049fdb0fd868
random-8-misses,hash,8192,measurement,4,0,native,88,516d8a806a87625a50a99c85ac3bebd35d9feb7f24e1b9316287c4ada7ad6478,530ec4ffedd8a82228da0baddae14ba6b72705301c57fc5c62ec67f51830ff7c
random-8-misses,scan,8192,measurement,4,1,native,130,516d8a806a87625a50a99c85ac3bebd35d9feb7f24e1b9316287c4ada7ad6478,0aa12b2fa44d44677fa768ad6128581db24c34e826a32c50f2ddd65544475a86
random-8-misses,scan,8192,measurement,5,0,native,130,516d8a806a87625a50a99c85ac3bebd35d9feb7f24e1b9316287c4ada7ad6478,0aa12b2fa44d44677fa768ad6128581db24c34e826a32c50f2ddd65544475a86
random-8-misses,hash,8192,measurement,5,1,native,89,516d8a806a87625a50a99c85ac3bebd35d9feb7f24e1b9316287c4ada7ad6478,f05e15ce589c87defa6e0cec416b731e1bf4fcb960c7114fb832ea67cd7dcfde
random-8-churn,hash,32,calibration,0,0,native,1,50627699d6b4ea807db9b1e7c6c3a4640362221618e3e74690f8c6d56118a6d7,e12751277a69c90e089231db42b2000b09d0659d4431c97ee6ea8147442c4ee6
random-8-churn,scan,32,calibration,0,1,native,1,50627699d6b4ea807db9b1e7c6c3a4640362221618e3e74690f8c6d56118a6d7,11b00fdf747ca185a5ac5725369bdaa7cdb2f8abeadb12fbeed1aab61dafd2ce
random-8-churn,hash,64,calibration,1,0,native,0,53cbaaa29f6de0c84fcce339601ac4a8fd58e240eb671ee721b5356cd5c6a87a,f4fab7c5e5d973ad4391b410b7f16e670339a93895c97f99b8f8d464b4266bf1
random-8-churn,scan,64,calibration,1,1,native,1,53cbaaa29f6de0c84fcce339601ac4a8fd58e240eb671ee721b5356cd5c6a87a,6c365254e0d1529038ef700afe8f556a76a846d21e220e4ba149192a1154ad0e
random-8-churn,hash,128,calibration,2,0,native,1,42f34756d89f64628f67eaaace5b8c894c7e7f233c5e03178531a144f97e547c,311fe7386005ebd9db3ecbb46682cd77342e28f566e04e8f1aafb6b570afad4e
random-8-churn,scan,128,calibration,2,1,native,2,42f34756d89f64628f67eaaace5b8c894c7e7f233c5e03178531a144f97e547c,7bb1e5fc8381628bfb47643750658a762bd6ffcfb5933fe45e922cd28397e572
random-8-churn,hash,256,calibration,3,0,native,3,d2d724ec91cc0ba6b823dc930b81a48e08ead3bb6aa4fe4f6c2d1e42276e121b,77ffe063ef14e4112df5a56e536ec2c1e244e0f5ab7532c41ed56e379a16bcf2
random-8-churn,scan,256,calibration,3,1,native,3,d2d724ec91cc0ba6b823dc930b81a48e08ead3bb6aa4fe4f6c2d1e42276e121b,08d9ffb4d04b22e57f4befed6d881f372835a3a9e1d9062505697a8f1ebdbc46
random-8-churn,hash,512,calibration,4,0,native,6,b4a537493eedf293edb829a232591497c97e504a562f5817634ce7bb8f865ee7,d537a569d25bf2c6e76047e809321fab980814309e5aabf8c9698e7a48ddd1ff
random-8-churn,scan,512,calibration,4,1,native,7,b4a537493eedf293edb829a232591497c97e504a562f5817634ce7bb8f865ee7,48c673db57f05c49da0011c20367910829e45f66a35c456e08620cb9cfd94a23
random-8-churn,hash,1024,calibration,5,0,native,9,e1587e63cd35898228b9543ba580284930cb250c649c59df0f2840cc54f6d3c0,f13c8d706fceab77ad6e83a819ebb9d6c5f022d4f110437f588f4d6ed8451243
random-8-churn,scan,1024,calibration,5,1,native,15,e1587e63cd35898228b9543ba580284930cb250c649c59df0f2840cc54f6d3c0,1a7bfd22db7222758be92348b29fdabfd6b8df9a692e45e42d19c910743068ce
random-8-churn,hash,2048,calibration,6,0,native,18,fc8a244ca10f39494001ec2089da62cd2ec19144656f2550aab902bec088d7f4,275d268365b5c0430d7e378ea113857d41df8aac41d3b4e779d9457e785f79dd
random-8-churn,scan,2048,calibration,6,1,native,28,fc8a244ca10f39494001ec2089da62cd2ec19144656f2550aab902bec088d7f4,6775558b73c86534014ac9ab70077e69bc0dcfb3e594ebfd5ae782e05b3e8389
random-8-churn,hash,4096,calibration,7,0,native,44,8b259710d72b96e5c4f1570109342fb8b55d3e8097bd36a03aa24ab09ab9256c,97d1655af0d60da3d3318119482d410be1b7adf5dea43057861423484ee89fa8
random-8-churn,scan,4096,calibration,7,1,native,61,8b259710d72b96e5c4f1570109342fb8b55d3e8097bd36a03aa24ab09ab9256c,0cb420ba504aa795c8d20916455e3161d5e4720bc524105af011c508c2bd2f77
random-8-churn,hash,8192,calibration,8,0,native,69,1e9c38537995a9f17a77ccf7def490e9d23dac53e1b5893620b9a1ab8e89bdb2,3be4faecb943558f26ea54b5b45946fea9765f37ac3b87e32281dd1892f9f674
random-8-churn,scan,8192,calibration,8,1,native,110,1e9c38537995a9f17a77ccf7def490e9d23dac53e1b5893620b9a1ab8e89bdb2,971e5a1fc87b17f2a87c045e965b914f89ab5e27ed15af671c3b355f63e0138e
random-8-churn,hash,16384,calibration,9,0,native,135,f0cc4750d0a6fc96ec4d44ae169f9c88f40e28fce4a40d325f04b6cc7fba2174,c397cbf4492c4844346e707ca324d368a3d2480315491536a9c6ab625669980f
random-8-churn,scan,16384,calibration,9,1,native,217,f0cc4750d0a6fc96ec4d44ae169f9c88f40e28fce4a40d325f04b6cc7fba2174,a23942d1661068e3c6e24fcfc0567489e64f3e1869d4559668e9cc73f695f31a
random-8-churn,hash,16384,measurement,0,0,native,134,f0cc4750d0a6fc96ec4d44ae169f9c88f40e28fce4a40d325f04b6cc7fba2174,a882e33e6d32fa53829a9331fc60d6eb149c5f4c75886ac0b93b9e3c2bc17e09
random-8-churn,scan,16384,measurement,0,1,native,220,f0cc4750d0a6fc96ec4d44ae169f9c88f40e28fce4a40d325f04b6cc7fba2174,f0b447327d77424dbdde9ec9b44df27466257c7438d1437d69e84b73399a55ef
random-8-churn,scan,16384,measurement,1,0,native,220,f0cc4750d0a6fc96ec4d44ae169f9c88f40e28fce4a40d325f04b6cc7fba2174,f0b447327d77424dbdde9ec9b44df27466257c7438d1437d69e84b73399a55ef
random-8-churn,hash,16384,measurement,1,1,native,133,f0cc4750d0a6fc96ec4d44ae169f9c88f40e28fce4a40d325f04b6cc7fba2174,8fd0505cb40d5787ba009c1151e8ad62e2b27236eea019b38e4ce68126330254
random-8-churn,hash,16384,measurement,2,0,native,134,f0cc4750d0a6fc96ec4d44ae169f9c88f40e28fce4a40d325f04b6cc7fba2174,a882e33e6d32fa53829a9331fc60d6eb149c5f4c75886ac0b93b9e3c2bc17e09
random-8-churn,scan,16384,measurement,2,1,native,227,f0cc4750d0a6fc96ec4d44ae169f9c88f40e28fce4a40d325f04b6cc7fba2174,040d1edb0fb3df13a5b6c28df5f9b0610a7569481ab5d41df55a4cca70006e0a
random-8-churn,scan,16384,measurement,3,0,native,218,f0cc4750d0a6fc96ec4d44ae169f9c88f40e28fce4a40d325f04b6cc7fba2174,2341ed6e90b655ab7824560bb142065352819a64004e9f1abf74df749007ec84
random-8-churn,hash,16384,measurement,3,1,native,134,f0cc4750d0a6fc96ec4d44ae169f9c88f40e28fce4a40d325f04b6cc7fba2174,a882e33e6d32fa53829a9331fc60d6eb149c5f4c75886ac0b93b9e3c2bc17e09
random-8-churn,hash,16384,measurement,4,0,native,134,f0cc4750d0a6fc96ec4d44ae169f9c88f40e28fce4a40d325f04b6cc7fba2174,a882e33e6d32fa53829a9331fc60d6eb149c5f4c75886ac0b93b9e3c2bc17e09
random-8-churn,scan,16384,measurement,4,1,native,220,f0cc4750d0a6fc96ec4d44ae169f9c88f40e28fce4a40d325f04b6cc7fba2174,f0b447327d77424dbdde9ec9b44df27466257c7438d1437d69e84b73399a55ef
random-8-churn,scan,16384,measurement,5,0,native,218,f0cc4750d0a6fc96ec4d44ae169f9c88f40e28fce4a40d325f04b6cc7fba2174,2341ed6e90b655ab7824560bb142065352819a64004e9f1abf74df749007ec84
random-8-churn,hash,16384,measurement,5,1,native,136,f0cc4750d0a6fc96ec4d44ae169f9c88f40e28fce4a40d325f04b6cc7fba2174,d437160727a481269745e704ad9ee9915fcfb324f1649de1052d7c7336d53780
random-64-hits,hash,32,calibration,0,0,native,0,6ba4214deb8211abf87cb35219e72abcc656a99f2e3baa8524bc82f8d6887c1c,a857338a49455bff08fc3cfe680f332b375d719dfef2a031bb9bdc2db7d65efb
random-64-hits,scan,32,calibration,0,1,native,2,6ba4214deb8211abf87cb35219e72abcc656a99f2e3baa8524bc82f8d6887c1c,04c96f5db8a87fdd317fbb66426b8c99d827a656d4d8aad174dfca8be38c521e
random-64-hits,hash,64,calibration,1,0,native,0,a917473df0e8acabd106c7e909f130af85fbe4b0e733fd0fa3ec6f21a2f5afd2,0bd181b0667b65d3b1f893e3e2d82a1fdddebc07328c93a0649d0b1e32496025
random-64-hits,scan,64,calibration,1,1,native,3,a917473df0e8acabd106c7e909f130af85fbe4b0e733fd0fa3ec6f21a2f5afd2,021510b4f4d983d0455d4dd347f080e32862657406e39aa1f91e98423c5fafe7
random-64-hits,hash,128,calibration,2,0,native,1,19627ea78fd948d649c8da45ae687027561f5261f3ef1fc1622fcb4905c4e5d5,3a7aa94678a267843b208b14ab392fab76ff2113a6ddfbe0d760ec383edeaade
random-64-hits,scan,128,calibration,2,1,native,6,19627ea78fd948d649c8da45ae687027561f5261f3ef1fc1622fcb4905c4e5d5,4dde00ba9f7cbf5122b00e605b5381a7842b4c2acd0a8ee59564df047f81e828
random-64-hits,hash,256,calibration,3,0,native,2,0ac8228c84659fdf06b88a62dfb136d34c2d1a177e86e8c2f494a7748abbff9e,9a6cc3c3ca6ad62d3c5feb66034a71330cae29e012e3209815d59c876408bb80
random-64-hits,scan,256,calibration,3,1,native,12,0ac8228c84659fdf06b88a62dfb136d34c2d1a177e86e8c2f494a7748abbff9e,a0b117434ae5aa74b85cc1a83bfa2b3189ffb40bd4c0d4e873a7fc1d35f880e2
random-64-hits,hash,512,calibration,4,0,native,5,df347c1aa87a30944422c542d722378342225a9a15a0f05e8d965641c67940cd,d226f8b6c6690b9e11d76eed8aeff37310d641bd3290109710eaca9e81dbb6fd
random-64-hits,scan,512,calibration,4,1,native,24,df347c1aa87a30944422c542d722378342225a9a15a0f05e8d965641c67940cd,056a2f6f1a4f2a0782f5bf93accac9d26b2a5c1d1dc585b11141762b94c27214
random-64-hits,hash,1024,calibration,5,0,native,17,386b5167535abd1611a7caa8afc6019a4c13e1dcdf3ec19ef45fd8e72fcf89a9,fda915748f8f218678184f3fa063f4eb50f4f3a0defdeecb295251f97c1647da
random-64-hits,scan,1024,calibration,5,1,native,46,386b5167535abd1611a7caa8afc6019a4c13e1dcdf3ec19ef45fd8e72fcf89a9,930c6b844f11b6daaec3f859921279bd4a02469e93625d928b312c04e6063fcf
random-64-hits,hash,2048,calibration,6,0,native,21,20091d566d561130aaa4e125cce4715f688c73e1a2b5659648a2e77dbf847527,ed6fbd29470d9f3a1ee5353a179c300ab53ca9e4422f0c86d48e292b5abf27ca
random-64-hits,scan,2048,calibration,6,1,native,93,20091d566d561130aaa4e125cce4715f688c73e1a2b5659648a2e77dbf847527,9180f6ec5013b06d9f8c6156acf0a14198d1a8d05df948bff21d819faad58318
random-64-hits,hash,4096,calibration,7,0,native,40,eb5456badbceb7a375da253bbb891eafd92e289a4aae7f7d8d256471e085f1bf,245cef4fd7e45026920c0156e76bd48df4e86a7e673794b5763450a89d76eaf2
random-64-hits,scan,4096,calibration,7,1,native,183,eb5456badbceb7a375da253bbb891eafd92e289a4aae7f7d8d256471e085f1bf,93df8952d171b4a63a5fb1f6e6456cf400264358a05c56bfcff51b8254ef4186
random-64-hits,hash,8192,calibration,8,0,native,80,4a3d677e04aae3fa34f112bfcac40548b0f0499c463750a4b252df831128f529,e40897e04a21bc42b3a52432d797e36e0aaf84ec5df9cd608acbccc9c9a3ca6e
random-64-hits,scan,8192,calibration,8,1,native,369,4a3d677e04aae3fa34f112bfcac40548b0f0499c463750a4b252df831128f529,71357068c16108987a8253724744f48a77c9c7089df94b9e41a8ddfbefd79117
random-64-hits,hash,8192,measurement,0,0,native,78,4a3d677e04aae3fa34f112bfcac40548b0f0499c463750a4b252df831128f529,16f213618d8cf61ee590ff4b487512e7cb358d08f0aee06aa34ef359383c5e1e
random-64-hits,scan,8192,measurement,0,1,native,368,4a3d677e04aae3fa34f112bfcac40548b0f0499c463750a4b252df831128f529,7c39f4f87578d0525fb57ec7940cfe3aea260cdd765ee4df2a8fed84120f36da
random-64-hits,scan,8192,measurement,1,0,native,367,4a3d677e04aae3fa34f112bfcac40548b0f0499c463750a4b252df831128f529,a1c1012c93eb14557ab3b1df0d7be4ad9e5410c040d01b7477e3ce7c7baf162e
random-64-hits,hash,8192,measurement,1,1,native,78,4a3d677e04aae3fa34f112bfcac40548b0f0499c463750a4b252df831128f529,16f213618d8cf61ee590ff4b487512e7cb358d08f0aee06aa34ef359383c5e1e
random-64-hits,hash,8192,measurement,2,0,native,90,4a3d677e04aae3fa34f112bfcac40548b0f0499c463750a4b252df831128f529,382fe64f493966fdcc283a9ee58514537e1f23ad8091af2510e520dfa13aee5e
random-64-hits,scan,8192,measurement,2,1,native,365,4a3d677e04aae3fa34f112bfcac40548b0f0499c463750a4b252df831128f529,d5acad30128b055a7b8e4baec50540b2cf09f76c98c9a7d5e7dc6c3362083a25
random-64-hits,scan,8192,measurement,3,0,native,366,4a3d677e04aae3fa34f112bfcac40548b0f0499c463750a4b252df831128f529,95c587203706abb9e4644820af5f87884ba21bbd8cb13041793d04ca019c590e
random-64-hits,hash,8192,measurement,3,1,native,80,4a3d677e04aae3fa34f112bfcac40548b0f0499c463750a4b252df831128f529,e40897e04a21bc42b3a52432d797e36e0aaf84ec5df9cd608acbccc9c9a3ca6e
random-64-hits,hash,8192,measurement,4,0,native,76,4a3d677e04aae3fa34f112bfcac40548b0f0499c463750a4b252df831128f529,85879b41dd03680cd65318ffea667d096824514913d06534168797efdb44a253
random-64-hits,scan,8192,measurement,4,1,native,365,4a3d677e04aae3fa34f112bfcac40548b0f0499c463750a4b252df831128f529,d5acad30128b055a7b8e4baec50540b2cf09f76c98c9a7d5e7dc6c3362083a25
random-64-hits,scan,8192,measurement,5,0,native,367,4a3d677e04aae3fa34f112bfcac40548b0f0499c463750a4b252df831128f529,a1c1012c93eb14557ab3b1df0d7be4ad9e5410c040d01b7477e3ce7c7baf162e
random-64-hits,hash,8192,measurement,5,1,native,80,4a3d677e04aae3fa34f112bfcac40548b0f0499c463750a4b252df831128f529,e40897e04a21bc42b3a52432d797e36e0aaf84ec5df9cd608acbccc9c9a3ca6e
random-64-misses,hash,32,calibration,0,0,native,0,e1ab75c7c4486b6218a6f0d3a8bf82b2b3877361fda48684e09df256c2a74580,5a68fdb1b3f777d94d4fc716ca9e0e022e40b83aef221edcfa483b9c936a51fc
random-64-misses,scan,32,calibration,0,1,native,3,e1ab75c7c4486b6218a6f0d3a8bf82b2b3877361fda48684e09df256c2a74580,d0117934e66027b210ed48bb581e76378c2b054975ad9512f4a01220d2191bcd
random-64-misses,hash,64,calibration,1,0,native,1,4b3fe88a743070b73311bbc84921788aca59ed151edade895995171717ac9563,20f4d85846a197cee81dc6dc842f0f07169c2cb6ca7d4c4a758245de769a3274
random-64-misses,scan,64,calibration,1,1,native,6,4b3fe88a743070b73311bbc84921788aca59ed151edade895995171717ac9563,a1a3c5d27c50dc00f6776fa3e68d32a268c392a59c43e1012fe5525ac485d4a8
random-64-misses,hash,128,calibration,2,0,native,2,2a8ca4569b456c9308445e5dd5f6bf8aac1d2ef76c007ff3dd95e32a7dc6d7f7,0b23317924054f778da289062ef96d760b6ced410fbeb0e79ef1ea1e6bb0076a
random-64-misses,scan,128,calibration,2,1,native,11,2a8ca4569b456c9308445e5dd5f6bf8aac1d2ef76c007ff3dd95e32a7dc6d7f7,5101a81bd2fe6e199dd7d9bdff38dcf8c757c8c87be504cefa25c6e99b9a0b47
random-64-misses,hash,256,calibration,3,0,native,3,72d04e84b63fadbe18adcd38c48cd6f7d65ff133fabf6f8b214324c2b90ab41d,f84f3deb5fd5d04dcf6ae2922dda2f7f7073c20e76afec764621664ee12cc8bd
random-64-misses,scan,256,calibration,3,1,native,21,72d04e84b63fadbe18adcd38c48cd6f7d65ff133fabf6f8b214324c2b90ab41d,a73717260d8ac6f28031304985e51885e38cba9adc2ec66b4cd806ff6db834cf
random-64-misses,hash,512,calibration,4,0,native,14,90850c3d3e969392582be5114f67082c7d8e597e1aefc240922f41a9ab7446ac,06f0a296b5ac3904c443416e8ae2288b6e47a281a7f5898b7107620a5086a887
random-64-misses,scan,512,calibration,4,1,native,40,90850c3d3e969392582be5114f67082c7d8e597e1aefc240922f41a9ab7446ac,966b96db9f7aeeea590526d7ec5913a33c652e3b470a1c26b5d797f83fc8d8ac
random-64-misses,hash,1024,calibration,5,0,native,14,e5381398046a885d30408c4ef1176fc33876dfb79423548e92087e087d151411,0ad0a9b8bdd71a309cb1929f7c9652d94df18ce1200c86fb652df1b6ef4245e0
random-64-misses,scan,1024,calibration,5,1,native,81,e5381398046a885d30408c4ef1176fc33876dfb79423548e92087e087d151411,f167f8f991eca286097232a61c1dd17475de295e6d75429d59e221a88c065034
random-64-misses,hash,2048,calibration,6,0,native,31,25656239b243cf186dbd20d8e657456c3dae1c6347fbffcf8964fabceb9310a5,0893acd1a9f91ab6ec44635e7fb2f95daab471c1dd3c015a3cc4cc4f200be13f
random-64-misses,scan,2048,calibration,6,1,native,162,25656239b243cf186dbd20d8e657456c3dae1c6347fbffcf8964fabceb9310a5,735d2aee448c3087f602a2b0959220bd43b00016e627f194ca7543cf6184849f
random-64-misses,hash,4096,calibration,7,0,native,60,fb08199d3a3795a2c9e87b33f471853ace2d19e1f1d57a6fbb3d748825f6a34f,e14314807ebbfcaa4c1e9ff4c7faf721e42a45b44f68b2f691393cb1f4a94bc3
random-64-misses,scan,4096,calibration,7,1,native,322,fb08199d3a3795a2c9e87b33f471853ace2d19e1f1d57a6fbb3d748825f6a34f,bf2c7328f3a9459c43e19fd5f14896d0ca4e1b167c7ec196d4a4463c47c20fdf
random-64-misses,hash,8192,calibration,8,0,native,118,30808975137faf28f60902e0e69a2b1141ce1f2aa9c47d02e6dc45003f9cae7d,07c4766c3fcbbce44c4def8df2561836bd764123f58a24ea52d6fa6b242db7fb
random-64-misses,scan,8192,calibration,8,1,native,646,30808975137faf28f60902e0e69a2b1141ce1f2aa9c47d02e6dc45003f9cae7d,0a9c66c8fb3217cfd71f23a64561975f480c2f2735912314b8eb79c452dab793
random-64-misses,hash,8192,measurement,0,0,native,117,30808975137faf28f60902e0e69a2b1141ce1f2aa9c47d02e6dc45003f9cae7d,d58ffca6d7134e37cae6392922516f56dfbf151d0b2761361979932ad54f3a9a
random-64-misses,scan,8192,measurement,0,1,native,644,30808975137faf28f60902e0e69a2b1141ce1f2aa9c47d02e6dc45003f9cae7d,bc9ae7263ad1f9430bfd96b9b04511e2ec0cf8bc84cc26cb73e7b0d27ab97921
random-64-misses,scan,8192,measurement,1,0,native,650,30808975137faf28f60902e0e69a2b1141ce1f2aa9c47d02e6dc45003f9cae7d,5fa6bdf34743b9f3112aea5e7e2698a09cb575a6553d5194d215a8066a6ce465
random-64-misses,hash,8192,measurement,1,1,native,116,30808975137faf28f60902e0e69a2b1141ce1f2aa9c47d02e6dc45003f9cae7d,bf22392159ea81f18988d4b1d88a1877a2e55eda433a073ac6f27d79a00fcd05
random-64-misses,hash,8192,measurement,2,0,native,116,30808975137faf28f60902e0e69a2b1141ce1f2aa9c47d02e6dc45003f9cae7d,bf22392159ea81f18988d4b1d88a1877a2e55eda433a073ac6f27d79a00fcd05
random-64-misses,scan,8192,measurement,2,1,native,646,30808975137faf28f60902e0e69a2b1141ce1f2aa9c47d02e6dc45003f9cae7d,0a9c66c8fb3217cfd71f23a64561975f480c2f2735912314b8eb79c452dab793
random-64-misses,scan,8192,measurement,3,0,native,646,30808975137faf28f60902e0e69a2b1141ce1f2aa9c47d02e6dc45003f9cae7d,0a9c66c8fb3217cfd71f23a64561975f480c2f2735912314b8eb79c452dab793
random-64-misses,hash,8192,measurement,3,1,native,115,30808975137faf28f60902e0e69a2b1141ce1f2aa9c47d02e6dc45003f9cae7d,c5b439235be9069297316d97bf44eba0de5eac344b77726224186ff2f21fd4e4
random-64-misses,hash,8192,measurement,4,0,native,116,30808975137faf28f60902e0e69a2b1141ce1f2aa9c47d02e6dc45003f9cae7d,bf22392159ea81f18988d4b1d88a1877a2e55eda433a073ac6f27d79a00fcd05
random-64-misses,scan,8192,measurement,4,1,native,644,30808975137faf28f60902e0e69a2b1141ce1f2aa9c47d02e6dc45003f9cae7d,bc9ae7263ad1f9430bfd96b9b04511e2ec0cf8bc84cc26cb73e7b0d27ab97921
random-64-misses,scan,8192,measurement,5,0,native,645,30808975137faf28f60902e0e69a2b1141ce1f2aa9c47d02e6dc45003f9cae7d,b4d11e026ba8e456ff6f4ef48077ffad737c93976a119a4edbf863c2d3876a28
random-64-misses,hash,8192,measurement,5,1,native,115,30808975137faf28f60902e0e69a2b1141ce1f2aa9c47d02e6dc45003f9cae7d,c5b439235be9069297316d97bf44eba0de5eac344b77726224186ff2f21fd4e4
random-64-churn,hash,32,calibration,0,0,native,0,6bf787216122cd9d3b8249bf3ecab01966ac9f4056219bdb2582c71c4f166661,0ffb3d44507e2f8e6d68bb8ac5f423bd3ea4e35c9334cafcb07c8782fccc81b7
random-64-churn,scan,32,calibration,0,1,native,2,6bf787216122cd9d3b8249bf3ecab01966ac9f4056219bdb2582c71c4f166661,a83189b4c76f2b532add42cc8ecf6d3c9b41b3620b806557b262454798c44e2f
random-64-churn,hash,64,calibration,1,0,native,1,3e1e62c44d01c579095a595a2261d9de533b63ff175e73897f676591d9d628ce,a6d480d81cb5be4e7d47b555fb5c60871a23d5c3707c35a048438be631de736c
random-64-churn,scan,64,calibration,1,1,native,5,3e1e62c44d01c579095a595a2261d9de533b63ff175e73897f676591d9d628ce,6550bbccc851e88d00ed3b25a81433df988b0035166ba8754adbd12701932ffe
random-64-churn,hash,128,calibration,2,0,native,3,92a11db81e248ec8646c671ba42fb544b703e25086253e670da3107b00886402,3876768d6b74391d5c0792a140e919cf9893209f766fdfecab11e5086e8f9f73
random-64-churn,scan,128,calibration,2,1,native,8,92a11db81e248ec8646c671ba42fb544b703e25086253e670da3107b00886402,c59553bed2a931ba52721148090be2d44470ce74cfd7dd85069e31b4de309c01
random-64-churn,hash,256,calibration,3,0,native,4,793445a61d40c9e7243a8c7c3f2b8cc64ada0574d026467d6a70049444db8d6a,c7c3070d247ee80ec0b79252bbd6f5cbed614411cb70d4424edd21df8fbee534
random-64-churn,scan,256,calibration,3,1,native,18,793445a61d40c9e7243a8c7c3f2b8cc64ada0574d026467d6a70049444db8d6a,bf603ec2e6c264c6505b7c5a0300f5802fb713b3b0edc41e769dcc2ed7b28df2
random-64-churn,hash,512,calibration,4,0,native,8,f626dcdf07953bef534cae0bec116d738d99fc96af0b0f3fa3fb5b9fb7412c0d,1ef3e821ed6754c19deff44a21e71ae33bd8faedd44c9953e8ab2d2fa49ee34f
random-64-churn,scan,512,calibration,4,1,native,32,f626dcdf07953bef534cae0bec116d738d99fc96af0b0f3fa3fb5b9fb7412c0d,ebe87b018b724b6aace1e80f8aa4432eca4fe694ff1d0dcaadb7f8e7e5ac5f5e
random-64-churn,hash,1024,calibration,5,0,native,26,fb042024b0ec61476818d546c0bd164540e5d9775aec318fc8ae5b689318a215,ee134b55c28f33db3bb8c6637d6323628d56583d1bfaffd7f344919b213c772d
random-64-churn,scan,1024,calibration,5,1,native,66,fb042024b0ec61476818d546c0bd164540e5d9775aec318fc8ae5b689318a215,6ed6c9bfe8afb6621fadcb0510ac77809ced47bb82a4bd40efb04d0a4e59670e
random-64-churn,hash,2048,calibration,6,0,native,36,3d3f0e67e6c747448648f464f513655cce724ed7a789fdb0285db7815cddaace,164508b56afea446ddef8a8af78429705013616b119a55924b7e6e9aa5975677
random-64-churn,scan,2048,calibration,6,1,native,129,3d3f0e67e6c747448648f464f513655cce724ed7a789fdb0285db7815cddaace,bc0b95d3a025465af7ea1773ba4fd56ee14fed31522c03a2693d747ebdb45303
random-64-churn,hash,4096,calibration,7,0,native,65,742e66bff9e8d8b30cff2ffe925b365d7a2f94dff0b3aa0af9a0a17a7f55afee,7647cdb3f946eae75c740f04c0a01a3c676fa8815069804fff5da52250f1c3c8
random-64-churn,scan,4096,calibration,7,1,native,253,742e66bff9e8d8b30cff2ffe925b365d7a2f94dff0b3aa0af9a0a17a7f55afee,7c6bbe064fe631ea9871c22228ad21fbe71446a6d632d7e70f3a761634acdca9
random-64-churn,hash,8192,calibration,8,0,native,118,3a1d8a4962b578da122891dd94d3070e17b732292f96778223dd71f75594276d,fef293e75f363f1851a7c74142bc98e4cc90a6f044a0c5f358c22f3f71bfced2
random-64-churn,scan,8192,calibration,8,1,native,509,3a1d8a4962b578da122891dd94d3070e17b732292f96778223dd71f75594276d,4f0489e8a607382b0ebd28ebb6f7296131364ecb6f60303623761bc780d40593
random-64-churn,hash,8192,measurement,0,0,native,117,3a1d8a4962b578da122891dd94d3070e17b732292f96778223dd71f75594276d,b56e59f7b9dab0a3d5eeac3698b1fe0c1817a0dd408135cc6cfdc44d1be00742
random-64-churn,scan,8192,measurement,0,1,native,506,3a1d8a4962b578da122891dd94d3070e17b732292f96778223dd71f75594276d,3fd933ff795f8303fa3e655190caa7f67b392a0f8393168f3d945ba2ebf635d1
random-64-churn,scan,8192,measurement,1,0,native,511,3a1d8a4962b578da122891dd94d3070e17b732292f96778223dd71f75594276d,55daacacfb213b5ec028c6574bab02354edd65962ccc06f36d2d5d48ea58f866
random-64-churn,hash,8192,measurement,1,1,native,118,3a1d8a4962b578da122891dd94d3070e17b732292f96778223dd71f75594276d,fef293e75f363f1851a7c74142bc98e4cc90a6f044a0c5f358c22f3f71bfced2
random-64-churn,hash,8192,measurement,2,0,native,116,3a1d8a4962b578da122891dd94d3070e17b732292f96778223dd71f75594276d,d82e086d00fe4b6e06b3e164c83f9a1f491dd40731ed65205327efa2a347b55d
random-64-churn,scan,8192,measurement,2,1,native,506,3a1d8a4962b578da122891dd94d3070e17b732292f96778223dd71f75594276d,3fd933ff795f8303fa3e655190caa7f67b392a0f8393168f3d945ba2ebf635d1
random-64-churn,scan,8192,measurement,3,0,native,513,3a1d8a4962b578da122891dd94d3070e17b732292f96778223dd71f75594276d,6e8e6fd538a86ed2eb6ed74c78ab7778edcfb4c51c6979bf3718853e36a6751e
random-64-churn,hash,8192,measurement,3,1,native,116,3a1d8a4962b578da122891dd94d3070e17b732292f96778223dd71f75594276d,d82e086d00fe4b6e06b3e164c83f9a1f491dd40731ed65205327efa2a347b55d
random-64-churn,hash,8192,measurement,4,0,native,116,3a1d8a4962b578da122891dd94d3070e17b732292f96778223dd71f75594276d,d82e086d00fe4b6e06b3e164c83f9a1f491dd40731ed65205327efa2a347b55d
random-64-churn,scan,8192,measurement,4,1,native,505,3a1d8a4962b578da122891dd94d3070e17b732292f96778223dd71f75594276d,04df9635cca96db14c2f431618521edaa2f117d5f5bdcc52fff4d86564ebf7d9
random-64-churn,scan,8192,measurement,5,0,native,505,3a1d8a4962b578da122891dd94d3070e17b732292f96778223dd71f75594276d,04df9635cca96db14c2f431618521edaa2f117d5f5bdcc52fff4d86564ebf7d9
random-64-churn,hash,8192,measurement,5,1,native,116,3a1d8a4962b578da122891dd94d3070e17b732292f96778223dd71f75594276d,d82e086d00fe4b6e06b3e164c83f9a1f491dd40731ed65205327efa2a347b55d
random-256-hits,hash,32,calibration,0,0,native,1,631c2e7ac9e818af70711032979437c128254c465c85bdd899bd2ac8b0299f37,6498806f2a6c12024bb3127738bb1e51c60509693521ed461305114dce1f8a57
random-256-hits,scan,32,calibration,0,1,native,4,631c2e7ac9e818af70711032979437c128254c465c85bdd899bd2ac8b0299f37,049ab3832a329a4c9bb6648c63f6aeffebbbe9302b4a5bfdc34de6eb8b116fa7
random-256-hits,hash,64,calibration,1,0,native,1,a13a42ff1974399a8b2462e4a3f5d7a74add4f2c24904f14547c7f22f98b0f05,c79fe91666c18dfa9a65cde6063bfe379a666ee237a995a036c2d5e7494dbff6
random-256-hits,scan,64,calibration,1,1,native,11,a13a42ff1974399a8b2462e4a3f5d7a74add4f2c24904f14547c7f22f98b0f05,dc19bd2965b9cf8d37eb159731d8f27395476c807e33014eec6a4b6ad3dd14d5
random-256-hits,hash,128,calibration,2,0,native,1,a3fc22ae0d0f5131b1a9729ae7ed6a5a22a51c2cd8ff91a32e2ebd0a7c2c89d8,756c6da12d9786c6c21d9eb4d0f1ab4c2423e717b2075aa3d0df96d3cd2204c2
random-256-hits,scan,128,calibration,2,1,native,20,a3fc22ae0d0f5131b1a9729ae7ed6a5a22a51c2cd8ff91a32e2ebd0a7c2c89d8,b524a59936b09a65be4c9fcf538cdb2bf52cbb6e32a6c3c04965d3eed3233f91
random-256-hits,hash,256,calibration,3,0,native,4,4293df6fe5de1f21e370736609cf13876be4a6957b5900265d4abfe8c32ab061,c77f3f2ccf9bf51b05d6120c92951a9bc67fe60e8b863d698472f9a7b62ce8b0
random-256-hits,scan,256,calibration,3,1,native,40,4293df6fe5de1f21e370736609cf13876be4a6957b5900265d4abfe8c32ab061,4e6882804d3c38556e85b847d52115d46159a138c183286a834242af20bd6ce7
random-256-hits,hash,512,calibration,4,0,native,10,5ee4899c420420600384c8470d8ad85afbc0fad665b1506e0980f5463a5f3d9d,bf53c8e534f504fecb229d0c12c004180c170a72d101436ac38496bb435b7286
random-256-hits,scan,512,calibration,4,1,native,77,5ee4899c420420600384c8470d8ad85afbc0fad665b1506e0980f5463a5f3d9d,d7e089b5c3fe403213ffb247e45d7b8a11146e5d511a90fe4c5d9d1dfb68b4b8
random-256-hits,hash,1024,calibration,5,0,native,11,15dbd01b64f9a6494c3570076239d3e6c0635e3dda0bee37472c5ba0461c0f3b,7c726b33b41349c56624d0d70e8cab95effc1ff475d6bb6a21298862f6df0ce2
random-256-hits,scan,1024,calibration,5,1,native,154,15dbd01b64f9a6494c3570076239d3e6c0635e3dda0bee37472c5ba0461c0f3b,9594592f60f9265948b3b644102b84f15569ec4661577cb470742744494bee79
random-256-hits,hash,2048,calibration,6,0,native,28,5e1e173af261e6500578e7091347f33b738175c5a26f9eef513928888294bb11,e248e5aedcde75b1b302bcb5696517775628038b3b7e37be9d428a36075dae50
random-256-hits,scan,2048,calibration,6,1,native,308,5e1e173af261e6500578e7091347f33b738175c5a26f9eef513928888294bb11,f462ab4367eaaa7ba75f2f4fe742eaad3da3ba97865b1e17f914092309818dfe
random-256-hits,hash,4096,calibration,7,0,native,42,efe7a5a688dfe805dddab8725428d01577ae6ec28f681e43000a2735301128a5,50ac81129555285e579f246a4a887a5ab6e8082e9badd7d2b4958dab3dfe6851
random-256-hits,scan,4096,calibration,7,1,native,616,efe7a5a688dfe805dddab8725428d01577ae6ec28f681e43000a2735301128a5,67ffefeb5ace626815fb0103ccac32c00f6725997ad90a7cf0c1b0164440011b
random-256-hits,hash,8192,calibration,8,0,native,81,3331a2d468f11a320fff4f7d0ba684dfd3d860c14b97aeb26c2703287786e126,441d5d8a9290842b07d702d59b94adde4c317343835d842ec121714e26ad972a
random-256-hits,scan,8192,calibration,8,1,native,1233,3331a2d468f11a320fff4f7d0ba684dfd3d860c14b97aeb26c2703287786e126,c5c5f4e78322da8fb90575c89df2c89e6c3415b2d8f41bf8b0f0c112636298ab
random-256-hits,hash,8192,measurement,0,0,native,91,3331a2d468f11a320fff4f7d0ba684dfd3d860c14b97aeb26c2703287786e126,295f585ced98e50a4f846844d9a472a4a0d8df476a0c8b16bb369c8026c310c8
random-256-hits,scan,8192,measurement,0,1,native,1232,3331a2d468f11a320fff4f7d0ba684dfd3d860c14b97aeb26c2703287786e126,1e5265bd0d8fa1ca1c7f660ae265264c9c4810ea7aa29b14bc4e353ac6162071
random-256-hits,scan,8192,measurement,1,0,native,1232,3331a2d468f11a320fff4f7d0ba684dfd3d860c14b97aeb26c2703287786e126,1e5265bd0d8fa1ca1c7f660ae265264c9c4810ea7aa29b14bc4e353ac6162071
random-256-hits,hash,8192,measurement,1,1,native,82,3331a2d468f11a320fff4f7d0ba684dfd3d860c14b97aeb26c2703287786e126,848fe32d814790f7020182a3da2a372066ef552eacb32833a59655f6155167f4
random-256-hits,hash,8192,measurement,2,0,native,84,3331a2d468f11a320fff4f7d0ba684dfd3d860c14b97aeb26c2703287786e126,f0fa49443f384712c087543bd2dd0921260a0ba4d34d3bf6d55b1043a81466b8
random-256-hits,scan,8192,measurement,2,1,native,1231,3331a2d468f11a320fff4f7d0ba684dfd3d860c14b97aeb26c2703287786e126,0d596d305262100a6eb5a1b1f6516215ec4500c336581b6c3fae230ecac2e1e5
random-256-hits,scan,8192,measurement,3,0,native,1233,3331a2d468f11a320fff4f7d0ba684dfd3d860c14b97aeb26c2703287786e126,c5c5f4e78322da8fb90575c89df2c89e6c3415b2d8f41bf8b0f0c112636298ab
random-256-hits,hash,8192,measurement,3,1,native,79,3331a2d468f11a320fff4f7d0ba684dfd3d860c14b97aeb26c2703287786e126,de6f348d5ce13cd6b4eba4abf8f8ef6708624340b6343a245b792e379b148555
random-256-hits,hash,8192,measurement,4,0,native,83,3331a2d468f11a320fff4f7d0ba684dfd3d860c14b97aeb26c2703287786e126,bc71c095c86bac79bde4a178b3c5e04e5297cb7479702186967d47f9b25c07dc
random-256-hits,scan,8192,measurement,4,1,native,1236,3331a2d468f11a320fff4f7d0ba684dfd3d860c14b97aeb26c2703287786e126,73405db674c90b4dd43e94df6936f6c116b238cbe808df4b3dcac9330aa34201
random-256-hits,scan,8192,measurement,5,0,native,1239,3331a2d468f11a320fff4f7d0ba684dfd3d860c14b97aeb26c2703287786e126,43fadd26c1245b61bc2130236ed05da7a52105064193fd8c74bde3a20bce9d79
random-256-hits,hash,8192,measurement,5,1,native,82,3331a2d468f11a320fff4f7d0ba684dfd3d860c14b97aeb26c2703287786e126,848fe32d814790f7020182a3da2a372066ef552eacb32833a59655f6155167f4
random-256-misses,hash,32,calibration,0,0,native,0,bc2d913b436c60ec284af3a07d870ed7e0c299b9e89b663919e15600bd89cda1,0d227d436cf980ee4a66cd875d470e4aea531f85a5f9ece96776688f8bd73d63
random-256-misses,scan,32,calibration,0,1,native,10,bc2d913b436c60ec284af3a07d870ed7e0c299b9e89b663919e15600bd89cda1,bf6f3a68f31080a8de2297fe30fd1e131eacbb2f78d61a58fcd30b468571faba
random-256-misses,hash,64,calibration,1,0,native,1,76ce3a8bde9b9ec17546d413911418767b16f0328c3d77e767e904146c8f0adf,c36f1fcaa9c2515b59aa4368bd51ed2949b2c87236121360b25676f2671ed759
random-256-misses,scan,64,calibration,1,1,native,20,76ce3a8bde9b9ec17546d413911418767b16f0328c3d77e767e904146c8f0adf,a05adf41775e94da2b635a63add74e2e5f603168665bdcfa5a8c3484595e0299
random-256-misses,hash,128,calibration,2,0,native,3,222c4a017244ab62b6c95f1097cf9d87cac18f43c974c5abb81bf7aca090cd57,f169d780ccdf993f447ef14f417c8e315073d9f65e339806948c0dff5899cbaa
random-256-misses,scan,128,calibration,2,1,native,40,222c4a017244ab62b6c95f1097cf9d87cac18f43c974c5abb81bf7aca090cd57,426ae49186ed711bdb4ffc0d80a2456e3567aaccc274b4ce57e5c020db06b964
random-256-misses,hash,256,calibration,3,0,native,7,6336ce4c0e6a1ac47516ab6102746f1cfdbe7810aeb925f3f035d5ec0965619e,da5f418471e7409303dfec060c0591a18e3c250ec3e3965b21b5e09a9b0528bc
random-256-misses,scan,256,calibration,3,1,native,76,6336ce4c0e6a1ac47516ab6102746f1cfdbe7810aeb925f3f035d5ec0965619e,b9380a9b3506d21d8d5e4af998ddafcbd01dcab3fd69d7ce68190dcc8e69603e
random-256-misses,hash,512,calibration,4,0,native,14,63ad6bd444bbdacb8d1fe52800cca5764bd50e296d178129fc3debd6c17f57ca,46b93d04c07c1dec4c02299db7d994451fbea0c367901eb0e82f5068a8b44b2a
random-256-misses,scan,512,calibration,4,1,native,152,63ad6bd444bbdacb8d1fe52800cca5764bd50e296d178129fc3debd6c17f57ca,0c99f6b9b345e58e1b4eeaea739f5f26a1e965672a3d65ccc1292e3bd0eae861
random-256-misses,hash,1024,calibration,5,0,native,28,481b491e08c545313d301c5ec70799df31b57d3c7c27dd15180488a851e89401,798b4ce5b2a1292853fe87de5db01a6cca68cd9cb371cb76ce6b2ad3969ddcb6
random-256-misses,scan,1024,calibration,5,1,native,300,481b491e08c545313d301c5ec70799df31b57d3c7c27dd15180488a851e89401,acb2854bd4607af680218d6caa5b760b200a567e0d84a7c89fb980580db4ec93
random-256-misses,hash,2048,calibration,6,0,native,37,e735ae87adc14a748653bf6e4a680a3188413a19f4403567479f37f05626a561,3a79b4bf5498260a6820c1d4c2320ede5aee79b6006dc870840cdb681829f5e9
random-256-misses,scan,2048,calibration,6,1,native,602,e735ae87adc14a748653bf6e4a680a3188413a19f4403567479f37f05626a561,3047755b0aa71211a1a2c2e761e068bae8440b8d19220c18cb3bf640e5e1eadf
random-256-misses,hash,4096,calibration,7,0,native,77,b2586ef06567f5b56cf15c2cb1157ccb50a8dc5a285d83a684bb7cbbfa3f9b90,fe9dce9d3f6a3ccbcc0c8eef5a34a49ac25730d7b4a29c859a8464f326581cac
random-256-misses,scan,4096,calibration,7,1,native,1201,b2586ef06567f5b56cf15c2cb1157ccb50a8dc5a285d83a684bb7cbbfa3f9b90,e19ea49c6cac3111f31f0427d03914476bdeccb48fda1cdd22094b54478b2544
random-256-misses,hash,4096,measurement,0,0,native,60,b2586ef06567f5b56cf15c2cb1157ccb50a8dc5a285d83a684bb7cbbfa3f9b90,336e097d3741ad35f47156f741e6657ecc58aaef73789603baa5b86ec4a4865d
random-256-misses,scan,4096,measurement,0,1,native,1200,b2586ef06567f5b56cf15c2cb1157ccb50a8dc5a285d83a684bb7cbbfa3f9b90,1fdf1514217f5a2d49e467e9e7c465f11c174014f20c29c0460d60ea99a81e67
random-256-misses,scan,4096,measurement,1,0,native,1201,b2586ef06567f5b56cf15c2cb1157ccb50a8dc5a285d83a684bb7cbbfa3f9b90,e19ea49c6cac3111f31f0427d03914476bdeccb48fda1cdd22094b54478b2544
random-256-misses,hash,4096,measurement,1,1,native,60,b2586ef06567f5b56cf15c2cb1157ccb50a8dc5a285d83a684bb7cbbfa3f9b90,336e097d3741ad35f47156f741e6657ecc58aaef73789603baa5b86ec4a4865d
random-256-misses,hash,4096,measurement,2,0,native,69,b2586ef06567f5b56cf15c2cb1157ccb50a8dc5a285d83a684bb7cbbfa3f9b90,0602402cfc4e910e43e11391485b4118f965053c2bfe8f24fb05a671e5fa067d
random-256-misses,scan,4096,measurement,2,1,native,1200,b2586ef06567f5b56cf15c2cb1157ccb50a8dc5a285d83a684bb7cbbfa3f9b90,1fdf1514217f5a2d49e467e9e7c465f11c174014f20c29c0460d60ea99a81e67
random-256-misses,scan,4096,measurement,3,0,native,1200,b2586ef06567f5b56cf15c2cb1157ccb50a8dc5a285d83a684bb7cbbfa3f9b90,1fdf1514217f5a2d49e467e9e7c465f11c174014f20c29c0460d60ea99a81e67
random-256-misses,hash,4096,measurement,3,1,native,59,b2586ef06567f5b56cf15c2cb1157ccb50a8dc5a285d83a684bb7cbbfa3f9b90,3012fce1392f866d87a4a13845213ef5e2d1c984b006a9df8f7772921eb10483
random-256-misses,hash,4096,measurement,4,0,native,61,b2586ef06567f5b56cf15c2cb1157ccb50a8dc5a285d83a684bb7cbbfa3f9b90,049cfde89756c54a7333fce7fe1ecde92a5d5f4d32454af41903a4405d1f2f7b
random-256-misses,scan,4096,measurement,4,1,native,1200,b2586ef06567f5b56cf15c2cb1157ccb50a8dc5a285d83a684bb7cbbfa3f9b90,1fdf1514217f5a2d49e467e9e7c465f11c174014f20c29c0460d60ea99a81e67
random-256-misses,scan,4096,measurement,5,0,native,1201,b2586ef06567f5b56cf15c2cb1157ccb50a8dc5a285d83a684bb7cbbfa3f9b90,e19ea49c6cac3111f31f0427d03914476bdeccb48fda1cdd22094b54478b2544
random-256-misses,hash,4096,measurement,5,1,native,59,b2586ef06567f5b56cf15c2cb1157ccb50a8dc5a285d83a684bb7cbbfa3f9b90,3012fce1392f866d87a4a13845213ef5e2d1c984b006a9df8f7772921eb10483
random-256-churn,hash,32,calibration,0,0,native,1,1343bcaf4091f037b17609f9e1b56a32223e2887733414835d1bcaeb69ab9433,2a43cff568a0b9281431b9b9a886e501dc9737df14d48d70da2419aa0ed83dc9
random-256-churn,scan,32,calibration,0,1,native,7,1343bcaf4091f037b17609f9e1b56a32223e2887733414835d1bcaeb69ab9433,ed04c09ebe902821d6e6a5ec6449b181e4965fa5a791be1adbf98adb598af168
random-256-churn,hash,64,calibration,1,0,native,1,d6b36e473a5c2298abb1881f051b30f843072e80eb9b8c62de20d8edefa91f9d,a06abc7d549d39c53feb4e192131ca268e669ce8779b0db6cd2dca4803b3678f
random-256-churn,scan,64,calibration,1,1,native,14,d6b36e473a5c2298abb1881f051b30f843072e80eb9b8c62de20d8edefa91f9d,a5b58a690556e2ac3546649759c26bd7d7503fbc0e625e5bd372fc97630daa9e
random-256-churn,hash,128,calibration,2,0,native,2,0240730e7325eaa955b702f8e7fd2985ee5210ca8b42806114357910f9f5b443,dcd9a61a852773a619a95d3983f0348ee3d7655d8cbbd83e63eed1f5e7f53966
random-256-churn,scan,128,calibration,2,1,native,28,0240730e7325eaa955b702f8e7fd2985ee5210ca8b42806114357910f9f5b443,21f9ea289f019be25a2679c5b0baa50478ff2357e21664b21193f5b2a13bc86b
random-256-churn,hash,256,calibration,3,0,native,5,b2903e141231c26d5d35cbfb21db33e21a482bf14b8dd07a712d9d70fd23ddb6,ad5e5b3065dfcd88337c1efd6660f07e719db4d255a5485739d36d4a59b0e9af
random-256-churn,scan,256,calibration,3,1,native,57,b2903e141231c26d5d35cbfb21db33e21a482bf14b8dd07a712d9d70fd23ddb6,206c56f990dff7b6edc5b12a6b3328963210cfcc3dd79359f598894d62ee7d08
random-256-churn,hash,512,calibration,4,0,native,7,c1c1e8904a3f991edf187b63c8f62a12b470f523e1e6e89515c763d358a9dc45,a6ca6c4b56179b49abd3cc457702cc04c383cc986e1d683b75083ba54515f61d
random-256-churn,scan,512,calibration,4,1,native,111,c1c1e8904a3f991edf187b63c8f62a12b470f523e1e6e89515c763d358a9dc45,107b625f9f903f5b633666620d0286cff67dd90469bfce91278e7d9ad3f9d0da
random-256-churn,hash,1024,calibration,5,0,native,16,8a0a08e4ccb9fe96c939e875e5bfde1998da2371bbd81bc37601d62385b6a321,5f8a6ec5f97d14a9ee86002b3faf207ad5572e89ceb448754be7779c8b72aaa5
random-256-churn,scan,1024,calibration,5,1,native,221,8a0a08e4ccb9fe96c939e875e5bfde1998da2371bbd81bc37601d62385b6a321,2b8d8576ad4cf0b45e4206ac4f78f5647193bcb9ad108b0e57bc57fdcb2ff34e
random-256-churn,hash,2048,calibration,6,0,native,30,775769c7eb061c9c0f6f7204a1c79d924918119f35ee3ecd774640e03c761201,1ee6a6d89fc54ea44821a9ed85b29a2ffae7fa2619dd1cce9924a1417e497a54
random-256-churn,scan,2048,calibration,6,1,native,459,775769c7eb061c9c0f6f7204a1c79d924918119f35ee3ecd774640e03c761201,11515444644a05a4869f31fc923a54aa4589091d46ae03b14fe407737471b89a
random-256-churn,hash,4096,calibration,7,0,native,59,0ea0a7f334c8937b2f52982868cac9bdedac11f1054f3d5fe88f2a91b640f819,af751b458e59882f2fbe028a73adba3dcb154975d7548516b6900a633a89b435
random-256-churn,scan,4096,calibration,7,1,native,885,0ea0a7f334c8937b2f52982868cac9bdedac11f1054f3d5fe88f2a91b640f819,f952597665cf2299f855d2b7c863b0e61c4f0a32611f982924890fe6f576f441
random-256-churn,hash,8192,calibration,8,0,native,117,b01a7737490556b781d4b8e38802f730fdea30910a66c8a7be7df26c6b5a01d2,dec2d0752824d2098cc1cff761f9d82fed5c0cadb97772097e468d78700baf15
random-256-churn,scan,8192,calibration,8,1,native,1768,b01a7737490556b781d4b8e38802f730fdea30910a66c8a7be7df26c6b5a01d2,de130e55416ef47f59dcc0dd44a314a9c2d74d07feb25833b6dde6990ecdcad6
random-256-churn,hash,8192,measurement,0,0,native,116,b01a7737490556b781d4b8e38802f730fdea30910a66c8a7be7df26c6b5a01d2,505152cbd1608a628de949bd01d06ebf347afdd50041b4d5c76d878a2de0997e
random-256-churn,scan,8192,measurement,0,1,native,1769,b01a7737490556b781d4b8e38802f730fdea30910a66c8a7be7df26c6b5a01d2,dc242ef91f2c424a317a9cbd824581f1aa85c2e3a8fe68bab5554f8f1f6d93d9
random-256-churn,scan,8192,measurement,1,0,native,1769,b01a7737490556b781d4b8e38802f730fdea30910a66c8a7be7df26c6b5a01d2,dc242ef91f2c424a317a9cbd824581f1aa85c2e3a8fe68bab5554f8f1f6d93d9
random-256-churn,hash,8192,measurement,1,1,native,117,b01a7737490556b781d4b8e38802f730fdea30910a66c8a7be7df26c6b5a01d2,dec2d0752824d2098cc1cff761f9d82fed5c0cadb97772097e468d78700baf15
random-256-churn,hash,8192,measurement,2,0,native,116,b01a7737490556b781d4b8e38802f730fdea30910a66c8a7be7df26c6b5a01d2,505152cbd1608a628de949bd01d06ebf347afdd50041b4d5c76d878a2de0997e
random-256-churn,scan,8192,measurement,2,1,native,1770,b01a7737490556b781d4b8e38802f730fdea30910a66c8a7be7df26c6b5a01d2,88a5793fa94d37e05461ef04870af8a5d7fbb482db2e35392b5fa99af411b57c
random-256-churn,scan,8192,measurement,3,0,native,1768,b01a7737490556b781d4b8e38802f730fdea30910a66c8a7be7df26c6b5a01d2,de130e55416ef47f59dcc0dd44a314a9c2d74d07feb25833b6dde6990ecdcad6
random-256-churn,hash,8192,measurement,3,1,native,117,b01a7737490556b781d4b8e38802f730fdea30910a66c8a7be7df26c6b5a01d2,dec2d0752824d2098cc1cff761f9d82fed5c0cadb97772097e468d78700baf15
random-256-churn,hash,8192,measurement,4,0,native,116,b01a7737490556b781d4b8e38802f730fdea30910a66c8a7be7df26c6b5a01d2,505152cbd1608a628de949bd01d06ebf347afdd50041b4d5c76d878a2de0997e
random-256-churn,scan,8192,measurement,4,1,native,1769,b01a7737490556b781d4b8e38802f730fdea30910a66c8a7be7df26c6b5a01d2,dc242ef91f2c424a317a9cbd824581f1aa85c2e3a8fe68bab5554f8f1f6d93d9
random-256-churn,scan,8192,measurement,5,0,native,1770,b01a7737490556b781d4b8e38802f730fdea30910a66c8a7be7df26c6b5a01d2,88a5793fa94d37e05461ef04870af8a5d7fbb482db2e35392b5fa99af411b57c
random-256-churn,hash,8192,measurement,5,1,native,121,b01a7737490556b781d4b8e38802f730fdea30910a66c8a7be7df26c6b5a01d2,85276a3e7843e0c7f9120548072455a9bc5c4555625fa4a7e4e379dc1bc17546
high-half-64-hits,hash,32,calibration,0,0,native,0,1e1ac01582d98c7cc99ebeb37e97fe3207eb0153cfa843be7e04209ab050e679,19336135f6dd7be87b00cac96c46a84da3f740d66bd8db38d2310f242c155822
high-half-64-hits,scan,32,calibration,0,1,native,2,1e1ac01582d98c7cc99ebeb37e97fe3207eb0153cfa843be7e04209ab050e679,fe2107dde9d8ec3d67589eca9531b3bebb130ba54ef873280c6cdb5a4a9d2a62
high-half-64-hits,hash,64,calibration,1,0,native,0,d4140d972d853573c281687daf94846b3595e1be7d08eb1f322b7caebe3a758b,101558aaf427fae305c6aa9bf958b258b6208ef0af3b3252c7c87bbc48459710
high-half-64-hits,scan,64,calibration,1,1,native,3,d4140d972d853573c281687daf94846b3595e1be7d08eb1f322b7caebe3a758b,831dbde9f5819df68048dd0719bb4e12fd81d95adb9bb993895348c001e6b53c
high-half-64-hits,hash,128,calibration,2,0,native,1,95da86be09e1aa587c610397bc95816743e92b1c46036dea9f4218d7e70006bf,c499f2a1a04075bf26cb08c7300493ff56b059988fa094d02ddd236241412768
high-half-64-hits,scan,128,calibration,2,1,native,6,95da86be09e1aa587c610397bc95816743e92b1c46036dea9f4218d7e70006bf,709dff72c63b0ed51c96c38f293f290554b43c6b038ac1ac4230ac5a4bd29ddf
high-half-64-hits,hash,256,calibration,3,0,native,2,91b05b82dc8338d89d10b35231179b85c4a2380e5f7e4e24eeba758c2787a8ad,32aaa046884725a80fc1362a5e96e31ac043673d04f94a88bea0e4644f6d2132
high-half-64-hits,scan,256,calibration,3,1,native,14,91b05b82dc8338d89d10b35231179b85c4a2380e5f7e4e24eeba758c2787a8ad,4632fee4b352dd6fe986c4d5568a5b10259da4f47929360bd3a5eec2cb67d4c8
high-half-64-hits,hash,512,calibration,4,0,native,6,6f7b92a9c842438fad7af4e43b2c206c301f28cdc66506813a1a47df8cb8bf82,943be18bee1467ca12d359f7cb04f4d057382c4283c39a8202ec4d7c178a83df
high-half-64-hits,scan,512,calibration,4,1,native,23,6f7b92a9c842438fad7af4e43b2c206c301f28cdc66506813a1a47df8cb8bf82,521ed288c17b99b1a93d151ddddd49625697e772940a9ac74e773988ab81bb10
high-half-64-hits,hash,1024,calibration,5,0,native,10,359811f74344e3b146dccca5a0e59eca6ffad3e482f4284ed75b1bbcb44490f8,74f2ec5327f7dc923ebaf7cd7616234b833f3900f22bff63f46f249982b51e53
high-half-64-hits,scan,1024,calibration,5,1,native,46,359811f74344e3b146dccca5a0e59eca6ffad3e482f4284ed75b1bbcb44490f8,b766ad41c8cfe0f775009024741e9c1838567474b3d5ffd228b7717613dfbf44
high-half-64-hits,hash,2048,calibration,6,0,native,21,b3c33be14b65f59865a28cdf2a69ae93ce89388d3596d622033cca386888cb48,3c97abd5dcfeb0814dcd13dfed3add83591740bf04192a4d11434855497d463c
high-half-64-hits,scan,2048,calibration,6,1,native,92,b3c33be14b65f59865a28cdf2a69ae93ce89388d3596d622033cca386888cb48,87376bb937621c5c3ba7ee1ab097108350f50f77ba2aa3799db62dddb8c31117
high-half-64-hits,hash,4096,calibration,7,0,native,40,7f4226871eee3db3f3672f2e7635697770b5587e4453580e58c99e2ce7d03ebf,fe47150b57e69231a8e39cac678b5db25b06f3c6c93aef5bb92b52ec084a25ba
high-half-64-hits,scan,4096,calibration,7,1,native,184,7f4226871eee3db3f3672f2e7635697770b5587e4453580e58c99e2ce7d03ebf,f8aa6b24d29d319b9311d99070bb077377f918f2d366b8d087aed2391b7a2746
high-half-64-hits,hash,8192,calibration,8,0,native,74,d5e2d1f7fd0acb1fcdc2e14dc921bf0ec2725d70d6dd1bf2ad15c33ae5b7d077,e7a0e2f36b516bad6af59fd95e1c27e485ae4aa2e111f5cf03763008d66e33d9
high-half-64-hits,scan,8192,calibration,8,1,native,364,d5e2d1f7fd0acb1fcdc2e14dc921bf0ec2725d70d6dd1bf2ad15c33ae5b7d077,6b218b91bee7af64d273c10aa99ebc3b9c27674adcd8fcf1a8e878d341db0b7b
high-half-64-hits,hash,16384,calibration,9,0,native,146,eadae2c834274224dd250bcde7d2afd586750b3090ec4f6860ab1fee66239327,f289586ed9b0fb6c30d08b9d2455ee649b9457af9802a1a7f9d27b98863df586
high-half-64-hits,scan,16384,calibration,9,1,native,731,eadae2c834274224dd250bcde7d2afd586750b3090ec4f6860ab1fee66239327,0a5b86ff14388b510327444b65f94b52d551c6d6e3b162c4cadd8b6763abb487
high-half-64-hits,hash,16384,measurement,0,0,native,149,eadae2c834274224dd250bcde7d2afd586750b3090ec4f6860ab1fee66239327,be2247c10a94daa1d430c58122cd441acb0aeb4354a1c92b21b8ad4b4435ab18
high-half-64-hits,scan,16384,measurement,0,1,native,729,eadae2c834274224dd250bcde7d2afd586750b3090ec4f6860ab1fee66239327,6efb448999048daa7f5b07437e6aea39a20e266e9752a42fec982bbc6a273136
high-half-64-hits,scan,16384,measurement,1,0,native,730,eadae2c834274224dd250bcde7d2afd586750b3090ec4f6860ab1fee66239327,3edcf99a5800da2313f8ed058dabeb91bed9dc90dfa1e1d7ac625ca5c3d02c41
high-half-64-hits,hash,16384,measurement,1,1,native,147,eadae2c834274224dd250bcde7d2afd586750b3090ec4f6860ab1fee66239327,0e15b551f78850140c50a79dcfec93acdfe9e7e5cf260cbae4df8b40b4e4bb59
high-half-64-hits,hash,16384,measurement,2,0,native,147,eadae2c834274224dd250bcde7d2afd586750b3090ec4f6860ab1fee66239327,0e15b551f78850140c50a79dcfec93acdfe9e7e5cf260cbae4df8b40b4e4bb59
high-half-64-hits,scan,16384,measurement,2,1,native,728,eadae2c834274224dd250bcde7d2afd586750b3090ec4f6860ab1fee66239327,5494a1d280f498f629a3e20e38105fb231a2e2d41d4852794a2f8cbd05ea732c
high-half-64-hits,scan,16384,measurement,3,0,native,733,eadae2c834274224dd250bcde7d2afd586750b3090ec4f6860ab1fee66239327,8c6e93b8150b3f7be5d82296e52092060197159a97a8f3f8c96f3ef8cdf2d0bb
high-half-64-hits,hash,16384,measurement,3,1,native,165,eadae2c834274224dd250bcde7d2afd586750b3090ec4f6860ab1fee66239327,1c914031f2060b576a42ae10cd0a0490b779d18fb3eb871399eea6638b116aba
high-half-64-hits,hash,16384,measurement,4,0,native,159,eadae2c834274224dd250bcde7d2afd586750b3090ec4f6860ab1fee66239327,f98a83139b3e73ea11281acf956bec13520b9602b5a9ef3356aadb0adccde985
high-half-64-hits,scan,16384,measurement,4,1,native,727,eadae2c834274224dd250bcde7d2afd586750b3090ec4f6860ab1fee66239327,5029df4f81f2416f9a74d3abe8d48a0a2e7e5653a1f08c5c8dc20c5c9d40df69
high-half-64-hits,scan,16384,measurement,5,0,native,729,eadae2c834274224dd250bcde7d2afd586750b3090ec4f6860ab1fee66239327,6efb448999048daa7f5b07437e6aea39a20e266e9752a42fec982bbc6a273136
high-half-64-hits,hash,16384,measurement,5,1,native,151,eadae2c834274224dd250bcde7d2afd586750b3090ec4f6860ab1fee66239327,f4f7663620e556c41b2412e6d7e13d5e887fb8891c63c1d8e0066117276ad72d
high-half-64-misses,hash,32,calibration,0,0,native,0,d9076626f1d72b439bdcaacc687c804b2b33739b7e8ea9a9d245836ee7b10ce6,8f82aa8ee765208496a1171676304ebbffcec3d64e0411659be9f3c773d013e1
high-half-64-misses,scan,32,calibration,0,1,native,2,d9076626f1d72b439bdcaacc687c804b2b33739b7e8ea9a9d245836ee7b10ce6,3982f46032fa0025cfdd33f2e9f81e5ef3a3e5f923aa8aef0d47873222e1b568
high-half-64-misses,hash,64,calibration,1,0,native,1,8c616846c217ce8fe8ff23b46946053d9dd8278031ede744be03df5390966aef,64d2ad6a23dc4acd839ef05f5e7ae392b5c8aa4070633ef9835b19a970efde85
high-half-64-misses,scan,64,calibration,1,1,native,6,8c616846c217ce8fe8ff23b46946053d9dd8278031ede744be03df5390966aef,da9e5a6304331b336547f48cc2e6cc852e37c0636796ab30c391ebafa200d8ce
high-half-64-misses,hash,128,calibration,2,0,native,3,11e4dc4051d94540b9f732598f784c3c9386541f92c3d7ae19144d9908c2aa9f,0e2ad4b2e451e209f101d2824944db853c2ab479bfcacadccad7bb2386dbaa2f
high-half-64-misses,scan,128,calibration,2,1,native,10,11e4dc4051d94540b9f732598f784c3c9386541f92c3d7ae19144d9908c2aa9f,7825e08c94fdb2698032704a94f1e794d300350063f32ff0cbe237f5e31df8e2
high-half-64-misses,hash,256,calibration,3,0,native,5,cd8518c26cd5f11f167232a9f9338a0460fc5e5e29d33ab7c51a179f958f3a14,ed655039fd47f704d4ef3fc55ba58bc8423f34b628ab177d823752db014b9413
high-half-64-misses,scan,256,calibration,3,1,native,20,cd8518c26cd5f11f167232a9f9338a0460fc5e5e29d33ab7c51a179f958f3a14,11e103e768c0ae7ca7df822b6e5819138fb846248f406bc6e124bafb2e89a107
high-half-64-misses,hash,512,calibration,4,0,native,10,dae9713657560dc18d1cec080d0e3e4507d5d431e65d0b2fe5ca164548ec4bef,b9ae6df7cb3763c13b20ed8001e312ce9c6785e2a9d6b1dcf98c22d3e5b4b4b7
high-half-64-misses,scan,512,calibration,4,1,native,41,dae9713657560dc18d1cec080d0e3e4507d5d431e65d0b2fe5ca164548ec4bef,28758118beb14b1c5fc5eec7940820375aef49f06139e100c1bf957001402047
high-half-64-misses,hash,1024,calibration,5,0,native,17,374f9f5d8c9ffab01a4fca8c02c7cc38bb4d2d5c36b0dbc1c5796b0b88dbaa5e,2797653a688d22480482eb1b573bf1bf86d360ac9e3255fcb47708e7af28414d
high-half-64-misses,scan,1024,calibration,5,1,native,81,374f9f5d8c9ffab01a4fca8c02c7cc38bb4d2d5c36b0dbc1c5796b0b88dbaa5e,cd39beae82949ed6a29e4e7e331062d5e2ede5bfbfcd38b531c3b699b8459f24
high-half-64-misses,hash,2048,calibration,6,0,native,35,2fa53b25b17821e39a156a802ef81b92bd6e636af239665e1fa45538bf5df49b,70d37df8c2faaf9bd3877bd80d6dc04b9de346c5aa04f3dd1582fe1b2e04c688
high-half-64-misses,scan,2048,calibration,6,1,native,162,2fa53b25b17821e39a156a802ef81b92bd6e636af239665e1fa45538bf5df49b,8fea194d55efa92565631eb3713d495f91b65786482353091754315432d872fa
high-half-64-misses,hash,4096,calibration,7,0,native,69,7ca403a11c53a8144d266dfe24fe63726177822159878d8ed7c89c47e5549185,7a2129140c58614f369b9e2b79c72e803487167df62dc6cdda76575d1862db72
high-half-64-misses,scan,4096,calibration,7,1,native,323,7ca403a11c53a8144d266dfe24fe63726177822159878d8ed7c89c47e5549185,019c1004e63bd628905a517970f326785ac0963587e1b7d2cec3851837c86dae
high-half-64-misses,hash,8192,calibration,8,0,native,134,dbaa94ae7ccf13b6c655355575b1042da0f9da3c64d1cc507ccf40ce6434588a,9afcd1ebc23890376695d1a8d91b6be199a3a65218fa22b3ff11aeef98015103
high-half-64-misses,scan,8192,calibration,8,1,native,645,dbaa94ae7ccf13b6c655355575b1042da0f9da3c64d1cc507ccf40ce6434588a,d25b3dd3c0026ec95d5a195e872be11dc253cb25372e2ba2d43fd14a8649b740
high-half-64-misses,hash,8192,measurement,0,0,native,134,dbaa94ae7ccf13b6c655355575b1042da0f9da3c64d1cc507ccf40ce6434588a,9afcd1ebc23890376695d1a8d91b6be199a3a65218fa22b3ff11aeef98015103
high-half-64-misses,scan,8192,measurement,0,1,native,645,dbaa94ae7ccf13b6c655355575b1042da0f9da3c64d1cc507ccf40ce6434588a,d25b3dd3c0026ec95d5a195e872be11dc253cb25372e2ba2d43fd14a8649b740
high-half-64-misses,scan,8192,measurement,1,0,native,645,dbaa94ae7ccf13b6c655355575b1042da0f9da3c64d1cc507ccf40ce6434588a,d25b3dd3c0026ec95d5a195e872be11dc253cb25372e2ba2d43fd14a8649b740
high-half-64-misses,hash,8192,measurement,1,1,native,134,dbaa94ae7ccf13b6c655355575b1042da0f9da3c64d1cc507ccf40ce6434588a,9afcd1ebc23890376695d1a8d91b6be199a3a65218fa22b3ff11aeef98015103
high-half-64-misses,hash,8192,measurement,2,0,native,135,dbaa94ae7ccf13b6c655355575b1042da0f9da3c64d1cc507ccf40ce6434588a,432947922c650d49ad91ba9aeda2437ac441e1c4573274bc988e4f86e4fd5764
high-half-64-misses,scan,8192,measurement,2,1,native,644,dbaa94ae7ccf13b6c655355575b1042da0f9da3c64d1cc507ccf40ce6434588a,5ea8d9a078a882ff7cc2c4345f13ab96a622e9e7fc112870d560129efaf89a41
high-half-64-misses,scan,8192,measurement,3,0,native,644,dbaa94ae7ccf13b6c655355575b1042da0f9da3c64d1cc507ccf40ce6434588a,5ea8d9a078a882ff7cc2c4345f13ab96a622e9e7fc112870d560129efaf89a41
high-half-64-misses,hash,8192,measurement,3,1,native,134,dbaa94ae7ccf13b6c655355575b1042da0f9da3c64d1cc507ccf40ce6434588a,9afcd1ebc23890376695d1a8d91b6be199a3a65218fa22b3ff11aeef98015103
high-half-64-misses,hash,8192,measurement,4,0,native,135,dbaa94ae7ccf13b6c655355575b1042da0f9da3c64d1cc507ccf40ce6434588a,432947922c650d49ad91ba9aeda2437ac441e1c4573274bc988e4f86e4fd5764
high-half-64-misses,scan,8192,measurement,4,1,native,647,dbaa94ae7ccf13b6c655355575b1042da0f9da3c64d1cc507ccf40ce6434588a,14adbab69d483ad42e869863501195e374609ba601cb9bba2574eb7018287ff1
high-half-64-misses,scan,8192,measurement,5,0,native,645,dbaa94ae7ccf13b6c655355575b1042da0f9da3c64d1cc507ccf40ce6434588a,d25b3dd3c0026ec95d5a195e872be11dc253cb25372e2ba2d43fd14a8649b740
high-half-64-misses,hash,8192,measurement,5,1,native,135,dbaa94ae7ccf13b6c655355575b1042da0f9da3c64d1cc507ccf40ce6434588a,432947922c650d49ad91ba9aeda2437ac441e1c4573274bc988e4f86e4fd5764
high-half-64-churn,hash,32,calibration,0,0,native,0,71f8c3f8c599bc9532f0c4a2c00947bf8e16ed7079c6868511479006c1584366,1ea857b8c4d794416ed16e1fc2e11ef7452d5ff984a888fb83e529eeec22369b
high-half-64-churn,scan,32,calibration,0,1,native,2,71f8c3f8c599bc9532f0c4a2c00947bf8e16ed7079c6868511479006c1584366,ab0ebf6330a95b5050a6fa416a78f96ed4c6c2a239a10c035b58dc75ccaa9ee1
high-half-64-churn,hash,64,calibration,1,0,native,1,c7e29396e182bcbf654a4cd4443827b92a56054a576546746e8b9d28da07e88b,689977192f51ae3c034edee9bae847950937fccc83078896905617dfd409b22e
high-half-64-churn,scan,64,calibration,1,1,native,4,c7e29396e182bcbf654a4cd4443827b92a56054a576546746e8b9d28da07e88b,dc04cfc53fd3eec52173c9fc92b1adb7790c17f82ba621f2cbb959d07a39217a
high-half-64-churn,hash,128,calibration,2,0,native,2,269955877cc08e2da9b6465e8d5c3d447467adfa4b8e287f6937286c26e99c3e,6d0da8299292bbbbb5ae28d9385395cac0309cbb40ed4ae11bae1d3155cac057
high-half-64-churn,scan,128,calibration,2,1,native,8,269955877cc08e2da9b6465e8d5c3d447467adfa4b8e287f6937286c26e99c3e,5c990665d8df9ef4cb8aeb40374cd1848ed3eaec618c890b8de2cca454740b91
high-half-64-churn,hash,256,calibration,3,0,native,4,cc18f9708d3ca226ac0ee868176870a09eba2535ede917907914dfe93a06d180,b472de6b9374a5e33545ce6446ff38dcaffe3fa0d03f5b6dbb2684e889de7b54
high-half-64-churn,scan,256,calibration,3,1,native,17,cc18f9708d3ca226ac0ee868176870a09eba2535ede917907914dfe93a06d180,ed79a01f258456432c25e704416c2058b749e990578c886fd473ab8c1e0f2dd8
high-half-64-churn,hash,512,calibration,4,0,native,7,69036f3a2c3977c6b88c73a06e27b689fa70aeda88c97a25c529302cbc35b5a8,64560e321d6999bc2b04afd0e563a839ca691c2afa711541828e6045f55d3560
high-half-64-churn,scan,512,calibration,4,1,native,32,69036f3a2c3977c6b88c73a06e27b689fa70aeda88c97a25c529302cbc35b5a8,a0d661a5de84e4f024f1f0d2da1000b0355cded081a4b65803caf3537c9373aa
high-half-64-churn,hash,1024,calibration,5,0,native,18,4ac94b0242e7c2be18ec9e4db87d6cf02ce9786db3218b47b3967443595fbca4,9187e235c1a7e0d40b6f6f119662c988d7f9665ce85881232eec71bd12bd4e17
high-half-64-churn,scan,1024,calibration,5,1,native,63,4ac94b0242e7c2be18ec9e4db87d6cf02ce9786db3218b47b3967443595fbca4,dced3913d26ff1a1c578bcc4c0d5bb3113ee164f64aa9d6582bd0f2314a15db1
high-half-64-churn,hash,2048,calibration,6,0,native,32,e16d2ef45169e8526ce34a4f44f0927b9b35fb51841f32777113c7283cfb9c1b,a91ff94151e5f36802f6a1370f7669ba0d3837960ea78a8e7e782d8500e06680
high-half-64-churn,scan,2048,calibration,6,1,native,127,e16d2ef45169e8526ce34a4f44f0927b9b35fb51841f32777113c7283cfb9c1b,a3a0a9f06ff3f107f436fc07790e61a1fa2bf114290328e83dd8c56fa07a5f19
high-half-64-churn,hash,4096,calibration,7,0,native,58,6d9bd249e0e271d10303dd5ceeb4fa9045e8e52b6f748ef8adca93776cff2f8d,f778054c190f014f3ca7f8b53b077585638e1a3fbe0564dc35a8982b33a04daa
high-half-64-churn,scan,4096,calibration,7,1,native,254,6d9bd249e0e271d10303dd5ceeb4fa9045e8e52b6f748ef8adca93776cff2f8d,640c0ef5f5139c84b94970110996103cf6e524df5a2895d550b2eb574b28023a
high-half-64-churn,hash,8192,calibration,8,0,native,116,6d624977d29c0a21a2bfd1e25c8e6101436909a0ff3107988ac1653e48e7e02c,a962a06e47c70b8df8d5470d8a4c302420b816bc898b46e88bd6500405ce2219
high-half-64-churn,scan,8192,calibration,8,1,native,505,6d624977d29c0a21a2bfd1e25c8e6101436909a0ff3107988ac1653e48e7e02c,e88ca2920fa81f7cf58b6031eff8b2a3e116857705c32491d6850a6784e28338
high-half-64-churn,hash,8192,measurement,0,0,native,114,6d624977d29c0a21a2bfd1e25c8e6101436909a0ff3107988ac1653e48e7e02c,1058146e5be425b151c2b8b1edb0fd9160e2b9ba6740068044aa6289534343cd
high-half-64-churn,scan,8192,measurement,0,1,native,507,6d624977d29c0a21a2bfd1e25c8e6101436909a0ff3107988ac1653e48e7e02c,517b077e57c5e9d63f033475ef8e071a95c4889db6aa0f28f48c967e99b83ebc
high-half-64-churn,scan,8192,measurement,1,0,native,509,6d624977d29c0a21a2bfd1e25c8e6101436909a0ff3107988ac1653e48e7e02c,068c588906b171d3da6883394184d3675b04b5482afa528d875b30a068f1f84b
high-half-64-churn,hash,8192,measurement,1,1,native,115,6d624977d29c0a21a2bfd1e25c8e6101436909a0ff3107988ac1653e48e7e02c,b3f6322141f02d57e2534378ea3b1f4943b385f7d7dd5bf58bbfba81bc9418e0
high-half-64-churn,hash,8192,measurement,2,0,native,116,6d624977d29c0a21a2bfd1e25c8e6101436909a0ff3107988ac1653e48e7e02c,a962a06e47c70b8df8d5470d8a4c302420b816bc898b46e88bd6500405ce2219
high-half-64-churn,scan,8192,measurement,2,1,native,507,6d624977d29c0a21a2bfd1e25c8e6101436909a0ff3107988ac1653e48e7e02c,517b077e57c5e9d63f033475ef8e071a95c4889db6aa0f28f48c967e99b83ebc
high-half-64-churn,scan,8192,measurement,3,0,native,507,6d624977d29c0a21a2bfd1e25c8e6101436909a0ff3107988ac1653e48e7e02c,517b077e57c5e9d63f033475ef8e071a95c4889db6aa0f28f48c967e99b83ebc
high-half-64-churn,hash,8192,measurement,3,1,native,115,6d624977d29c0a21a2bfd1e25c8e6101436909a0ff3107988ac1653e48e7e02c,b3f6322141f02d57e2534378ea3b1f4943b385f7d7dd5bf58bbfba81bc9418e0
high-half-64-churn,hash,8192,measurement,4,0,native,115,6d624977d29c0a21a2bfd1e25c8e6101436909a0ff3107988ac1653e48e7e02c,b3f6322141f02d57e2534378ea3b1f4943b385f7d7dd5bf58bbfba81bc9418e0
high-half-64-churn,scan,8192,measurement,4,1,native,506,6d624977d29c0a21a2bfd1e25c8e6101436909a0ff3107988ac1653e48e7e02c,db09e76e6a644bee4ebd130641416aa4c8ae43c449c2b4072a84667771aa4915
high-half-64-churn,scan,8192,measurement,5,0,native,505,6d624977d29c0a21a2bfd1e25c8e6101436909a0ff3107988ac1653e48e7e02c,e88ca2920fa81f7cf58b6031eff8b2a3e116857705c32491d6850a6784e28338
high-half-64-churn,hash,8192,measurement,5,1,native,116,6d624977d29c0a21a2bfd1e25c8e6101436909a0ff3107988ac1653e48e7e02c,a962a06e47c70b8df8d5470d8a4c302420b816bc898b46e88bd6500405ce2219
cluster-64-hits,hash,32,calibration,0,0,native,3,f6b7a0c769a05b41b54599f63e823f169e2bdb479211e0cc299c89f24ec3ca91,433e3e0fc2a8fd5a38754800979063b35327e6ad61ddc3673c56dd91f9197f29
cluster-64-hits,scan,32,calibration,0,1,native,2,f6b7a0c769a05b41b54599f63e823f169e2bdb479211e0cc299c89f24ec3ca91,17301197f9a0a680a7fa0ec3c935f28b62ce72716fb4fc3c01dab27aff86c547
cluster-64-hits,hash,64,calibration,1,0,native,8,2fbbaabc64b6b6ad59785189eda74afc05499efa77e1842e4c40d9cb7c77fb93,9e36f8e1b621f3bff85f557fcc8c71d77e709e12813176d484a5263d10923cbd
cluster-64-hits,scan,64,calibration,1,1,native,3,2fbbaabc64b6b6ad59785189eda74afc05499efa77e1842e4c40d9cb7c77fb93,26257fdb6db764484d614b5f291efd621f09ab4d9dac69355ecba21676ec2aef
cluster-64-hits,hash,128,calibration,2,0,native,17,d0eddc4ae1ef2bc2232d7fe769e0c0e4263eebcaf093ed1871818ecbfb25dcdd,16bbdf4df2046c69f1687b199b462b5f3cd2ca6a153518af3b593ad4d899d0f2
cluster-64-hits,scan,128,calibration,2,1,native,6,d0eddc4ae1ef2bc2232d7fe769e0c0e4263eebcaf093ed1871818ecbfb25dcdd,2bbcd93f0034f219c755ca5eef17df43777c869bf4b20153324fae95114a3294
cluster-64-hits,hash,256,calibration,3,0,native,32,d4b46f6d74f1d0f9bb43f63cbe65acdafc4a9b76376092130036e063ecc98334,2711aa83258fbbae1808cf44a5593a2fb5f19fa3b22ccf65cd0695090ebc2628
cluster-64-hits,scan,256,calibration,3,1,native,12,d4b46f6d74f1d0f9bb43f63cbe65acdafc4a9b76376092130036e063ecc98334,8d25ff1e9ffb93e5139ac59e3d89170b33ddf53327de353609adfceed892662e
cluster-64-hits,hash,512,calibration,4,0,native,69,27c8fa88ae6299a4a253b928277d691427cd60a7a8c10c3f77f0040cbd5973c9,845576500bc59603d4971329fb118b81e1dab37b8b2642e4559a9bb398c0a612
cluster-64-hits,scan,512,calibration,4,1,native,26,27c8fa88ae6299a4a253b928277d691427cd60a7a8c10c3f77f0040cbd5973c9,ae1dbab7bbeabe63f21a1e977100206e7ec378bbc733a9ac98dd6417f467f658
cluster-64-hits,hash,1024,calibration,5,0,native,122,ad51b4649540780a88bd9212626b149fac27ff92e0c686a1dad70fcb567ad650,752d8fe8ddbe8c149997ca0eec530cba493b971248673c6effcdc97883b4f79f
cluster-64-hits,scan,1024,calibration,5,1,native,45,ad51b4649540780a88bd9212626b149fac27ff92e0c686a1dad70fcb567ad650,4ab93f40b9cbb358ed5e10705e3554729adcf67a7646a5555e1bb1b9e353a867
cluster-64-hits,hash,2048,calibration,6,0,native,254,d0a1b69882514b9dd537eef6705a689cb2931b51a49fe4966276a7ce8c051bd4,0e4a0f50f5f5a5e4cb0bcedf4ff06f66ade8f1ec2513d4755cd5d7e32618ae1f
cluster-64-hits,scan,2048,calibration,6,1,native,92,d0a1b69882514b9dd537eef6705a689cb2931b51a49fe4966276a7ce8c051bd4,2e038644db76834c3ef1aef2c295778147ddd496c517bdb0150bea50294c4eb4
cluster-64-hits,hash,2048,measurement,0,0,native,241,d0a1b69882514b9dd537eef6705a689cb2931b51a49fe4966276a7ce8c051bd4,13a943407e10ccb116b9100c07fa237d20fd6601c62743a675b5e609c719565b
cluster-64-hits,scan,2048,measurement,0,1,native,92,d0a1b69882514b9dd537eef6705a689cb2931b51a49fe4966276a7ce8c051bd4,2e038644db76834c3ef1aef2c295778147ddd496c517bdb0150bea50294c4eb4
cluster-64-hits,scan,2048,measurement,1,0,native,92,d0a1b69882514b9dd537eef6705a689cb2931b51a49fe4966276a7ce8c051bd4,2e038644db76834c3ef1aef2c295778147ddd496c517bdb0150bea50294c4eb4
cluster-64-hits,hash,2048,measurement,1,1,native,243,d0a1b69882514b9dd537eef6705a689cb2931b51a49fe4966276a7ce8c051bd4,d1183a295daf71e3a7c28e4d60790e7001443cbf004b4aba13bf04a87d1d33e4
cluster-64-hits,hash,2048,measurement,2,0,native,250,d0a1b69882514b9dd537eef6705a689cb2931b51a49fe4966276a7ce8c051bd4,2df356e96600700debafd347a01f07d27757412aebb60a6b4e1d21265da79f75
cluster-64-hits,scan,2048,measurement,2,1,native,93,d0a1b69882514b9dd537eef6705a689cb2931b51a49fe4966276a7ce8c051bd4,7e90da8b4c681299f99adf9a119d9b19abed2600dc04a4c92de3ba6342c2286c
cluster-64-hits,scan,2048,measurement,3,0,native,93,d0a1b69882514b9dd537eef6705a689cb2931b51a49fe4966276a7ce8c051bd4,7e90da8b4c681299f99adf9a119d9b19abed2600dc04a4c92de3ba6342c2286c
cluster-64-hits,hash,2048,measurement,3,1,native,242,d0a1b69882514b9dd537eef6705a689cb2931b51a49fe4966276a7ce8c051bd4,fa841ad5696dd63bfbc169c7522af7d548b5a3e59c83082fb4befee44212b570
cluster-64-hits,hash,2048,measurement,4,0,native,243,d0a1b69882514b9dd537eef6705a689cb2931b51a49fe4966276a7ce8c051bd4,d1183a295daf71e3a7c28e4d60790e7001443cbf004b4aba13bf04a87d1d33e4
cluster-64-hits,scan,2048,measurement,4,1,native,93,d0a1b69882514b9dd537eef6705a689cb2931b51a49fe4966276a7ce8c051bd4,7e90da8b4c681299f99adf9a119d9b19abed2600dc04a4c92de3ba6342c2286c
cluster-64-hits,scan,2048,measurement,5,0,native,91,d0a1b69882514b9dd537eef6705a689cb2931b51a49fe4966276a7ce8c051bd4,5550b35f9fbdb42c9134fe2b52e1600fe63484acb1011b418493bea90e8832c9
cluster-64-hits,hash,2048,measurement,5,1,native,254,d0a1b69882514b9dd537eef6705a689cb2931b51a49fe4966276a7ce8c051bd4,0e4a0f50f5f5a5e4cb0bcedf4ff06f66ade8f1ec2513d4755cd5d7e32618ae1f
cluster-64-misses,hash,32,calibration,0,0,native,8,f5015e232e783ca2829aba2bfe17f76fe222db57da1db2103a9a89dbf637e435,aa1617dafa24aab16ed79161c0bc9b2cfea8a6c43ce78078936b85cd996550da
cluster-64-misses,scan,32,calibration,0,1,native,2,f5015e232e783ca2829aba2bfe17f76fe222db57da1db2103a9a89dbf637e435,10f5819ad0ad9c675fbb7052614aea731a3d07e20b2493fd4a036b18c49bf58e
cluster-64-misses,hash,64,calibration,1,0,native,15,9447a585dbb92c2be8e22784b0903dd7a75e3f1ad556106ab78364f2c79c41e6,ba244259ae8c149877933aa0bbecc8d6a64be7673e2bfab81e39f563b21183ea
cluster-64-misses,scan,64,calibration,1,1,native,5,9447a585dbb92c2be8e22784b0903dd7a75e3f1ad556106ab78364f2c79c41e6,152e8de6ed545070528f9781fa65547a41791fbdd885c6c5b4c424dc6455e8d8
cluster-64-misses,hash,128,calibration,2,0,native,42,9a0f4dd2c44cba10c3ff42a7e9a08405102522ae9e92b88f0f0131fa2db0ddbb,dff2b4a9174aedfadab1249329e265fa0d4cf33710b30e0b9cdcbbb374fc7cb6
cluster-64-misses,scan,128,calibration,2,1,native,12,9a0f4dd2c44cba10c3ff42a7e9a08405102522ae9e92b88f0f0131fa2db0ddbb,82925ffa911cc599dd8a870cf88e4a3a9148661acb041a4e7701c77339cebd27
cluster-64-misses,hash,256,calibration,3,0,native,59,f24f5e96857ff19f3adf2a65f4310e2326580445258f22903ab4d180ec62bc8a,173b53b9ea55441902a9a62959c062272e58d90115a1c80a6fcd5e5da735d5ab
cluster-64-misses,scan,256,calibration,3,1,native,21,f24f5e96857ff19f3adf2a65f4310e2326580445258f22903ab4d180ec62bc8a,65c5ef782dbe301ec4c7edb5a47a10c75dc6e5eca876a7522adc8cf4a5a490dc
cluster-64-misses,hash,512,calibration,4,0,native,118,061d67afa6ce41764df40d01c0f3c546d621a7c52baf608c90fb885568e7eea3,e7b5304ad48fb97a7a426c46245766ae00c82a4bf6ab195c82881a9f070145d7
cluster-64-misses,scan,512,calibration,4,1,native,41,061d67afa6ce41764df40d01c0f3c546d621a7c52baf608c90fb885568e7eea3,87cc2957d93ad328ce6f6e2cfd8b2c95d71e68d0c0d74a15f26c19a8e2a1e6a6
cluster-64-misses,hash,1024,calibration,5,0,native,236,13b901404a74ab3300fcc1e674cd0193701af257e5d62992760593a27f2211ee,a6217eb296f582383d2f9c6d5ed1c013d8ce2f6a9788dd7edc0482f667e326ae
cluster-64-misses,scan,1024,calibration,5,1,native,81,13b901404a74ab3300fcc1e674cd0193701af257e5d62992760593a27f2211ee,3757e59a8200bb150d7b5dc06ac7a14ea09cb8a0a091dfcd0b7adf6fa52e7b6e
cluster-64-misses,hash,1024,measurement,0,0,native,235,13b901404a74ab3300fcc1e674cd0193701af257e5d62992760593a27f2211ee,d2b47c08d16829bf9482d561dde64aa173d2d2679a3e2a263c0582f5a8c3b13b
cluster-64-misses,scan,1024,measurement,0,1,native,81,13b901404a74ab3300fcc1e674cd0193701af257e5d62992760593a27f2211ee,3757e59a8200bb150d7b5dc06ac7a14ea09cb8a0a091dfcd0b7adf6fa52e7b6e
cluster-64-misses,scan,1024,measurement,1,0,native,82,13b901404a74ab3300fcc1e674cd0193701af257e5d62992760593a27f2211ee,60f3d5b1aafae5c365dce7e1176a2666f396324b7fbc47b4aa36c64a282a8eb2
cluster-64-misses,hash,1024,measurement,1,1,native,234,13b901404a74ab3300fcc1e674cd0193701af257e5d62992760593a27f2211ee,1eb0fa87f2e4b509b2b88e48be6ce23cd3978a1fcd2c86633aba98c8e02f1e2d
cluster-64-misses,hash,1024,measurement,2,0,native,235,13b901404a74ab3300fcc1e674cd0193701af257e5d62992760593a27f2211ee,d2b47c08d16829bf9482d561dde64aa173d2d2679a3e2a263c0582f5a8c3b13b
cluster-64-misses,scan,1024,measurement,2,1,native,81,13b901404a74ab3300fcc1e674cd0193701af257e5d62992760593a27f2211ee,3757e59a8200bb150d7b5dc06ac7a14ea09cb8a0a091dfcd0b7adf6fa52e7b6e
cluster-64-misses,scan,1024,measurement,3,0,native,81,13b901404a74ab3300fcc1e674cd0193701af257e5d62992760593a27f2211ee,3757e59a8200bb150d7b5dc06ac7a14ea09cb8a0a091dfcd0b7adf6fa52e7b6e
cluster-64-misses,hash,1024,measurement,3,1,native,237,13b901404a74ab3300fcc1e674cd0193701af257e5d62992760593a27f2211ee,625f95b97662f2d49c7587ba3e24bcae9e96cc000bca937baa2f7986d60b9062
cluster-64-misses,hash,1024,measurement,4,0,native,236,13b901404a74ab3300fcc1e674cd0193701af257e5d62992760593a27f2211ee,a6217eb296f582383d2f9c6d5ed1c013d8ce2f6a9788dd7edc0482f667e326ae
cluster-64-misses,scan,1024,measurement,4,1,native,81,13b901404a74ab3300fcc1e674cd0193701af257e5d62992760593a27f2211ee,3757e59a8200bb150d7b5dc06ac7a14ea09cb8a0a091dfcd0b7adf6fa52e7b6e
cluster-64-misses,scan,1024,measurement,5,0,native,81,13b901404a74ab3300fcc1e674cd0193701af257e5d62992760593a27f2211ee,3757e59a8200bb150d7b5dc06ac7a14ea09cb8a0a091dfcd0b7adf6fa52e7b6e
cluster-64-misses,hash,1024,measurement,5,1,native,235,13b901404a74ab3300fcc1e674cd0193701af257e5d62992760593a27f2211ee,d2b47c08d16829bf9482d561dde64aa173d2d2679a3e2a263c0582f5a8c3b13b
cluster-64-churn,hash,32,calibration,0,0,native,6,304eb81c280478319a40ecaa6e70bf1926c94a1d742f547d47a62179f6b388c3,330c6d032b9df9e00724b5bbbbfb401f9c63ba513966a8762bf1ec722b269363
cluster-64-churn,scan,32,calibration,0,1,native,3,304eb81c280478319a40ecaa6e70bf1926c94a1d742f547d47a62179f6b388c3,de453b75117cbcb2deac5c5162b6639c4b57fee1956948ec47bec730d3e90722
cluster-64-churn,hash,64,calibration,1,0,native,14,9bfd36988acf8ad6b3d279f34de1a8dc21c46166d27a16803d91eefa11bc8eb3,bee213e56e37864a4e1304ef0ca69b869f6ddbf29bb85f8f633b70de19b91917
cluster-64-churn,scan,64,calibration,1,1,native,5,9bfd36988acf8ad6b3d279f34de1a8dc21c46166d27a16803d91eefa11bc8eb3,65370a5b1d4206559b87bff8ea81dfbbd3d8edcf865f20e4cf21688be831c901
cluster-64-churn,hash,128,calibration,2,0,native,28,ed7d9a2835b156e1897b78bd31394d82ae4feaae940b86d6e506404a22b87d25,dd970be140badf0bf436898c0820f48c68804325afe0a4087f002af6844d32e9
cluster-64-churn,scan,128,calibration,2,1,native,8,ed7d9a2835b156e1897b78bd31394d82ae4feaae940b86d6e506404a22b87d25,127ff38916e668048e39aeee29356fc1d19cdf26a0330a76475b6fcd1ce8576b
cluster-64-churn,hash,256,calibration,3,0,native,53,8651863b366b7664941fa2c57e3960b24a70c38fc426b520f48d3ef8d20869b9,f8273c8630adf09f717c998672a1ccab3f50fc42a7159b712477fbcd487cda15
cluster-64-churn,scan,256,calibration,3,1,native,18,8651863b366b7664941fa2c57e3960b24a70c38fc426b520f48d3ef8d20869b9,53faed54434d44b58f1fb8381f45f6a49771ade2f0f0bc62158430943ee96640
cluster-64-churn,hash,512,calibration,4,0,native,104,5ac03a19068f872a4588869ac370e1efc296da0aa702450a8017c679a0615487,b6ab6fe705364a09ac742ffc64b52314e8759912918c80e773c445cb1604fd48
cluster-64-churn,scan,512,calibration,4,1,native,34,5ac03a19068f872a4588869ac370e1efc296da0aa702450a8017c679a0615487,8b85d455523e6631b93c90a9a0bbd2d662559f08ca09cf39036d0b52538758e0
cluster-64-churn,hash,1024,calibration,5,0,native,207,062307847e4335fb55cc3440511e5134ed7dc667bd35610445f112389009d45c,76bb8298ba06218969357fe317f2b8cf585830a674a8bdab877a459edd2b4d8f
cluster-64-churn,scan,1024,calibration,5,1,native,63,062307847e4335fb55cc3440511e5134ed7dc667bd35610445f112389009d45c,2772b1df6041ba14a6443acfa780b3b5f5574b8cba35f79baf5df0cf630f230b
cluster-64-churn,hash,2048,calibration,6,0,native,412,cd1b7262b87f01d840d91bd7722f6d2b8dda0509cba24e064bd1785a2452f745,e2b2d22ebc184495437853b844829e0b9bff6bf63ee15cf14b24f3fe0d4f7f3c
cluster-64-churn,scan,2048,calibration,6,1,native,126,cd1b7262b87f01d840d91bd7722f6d2b8dda0509cba24e064bd1785a2452f745,1f2a5ecfcaed14a767a41538d146e30990bda2ecac3cad622da99d5249d5d7cb
cluster-64-churn,hash,2048,measurement,0,0,native,425,cd1b7262b87f01d840d91bd7722f6d2b8dda0509cba24e064bd1785a2452f745,70c7a6abbaaa80a60b68963be8b0c9113337e921cdae51b0f1dd312865293c8a
cluster-64-churn,scan,2048,measurement,0,1,native,126,cd1b7262b87f01d840d91bd7722f6d2b8dda0509cba24e064bd1785a2452f745,1f2a5ecfcaed14a767a41538d146e30990bda2ecac3cad622da99d5249d5d7cb
cluster-64-churn,scan,2048,measurement,1,0,native,127,cd1b7262b87f01d840d91bd7722f6d2b8dda0509cba24e064bd1785a2452f745,c9710dfb9109e94f33c3f839eca242bf4d3c6e1eb62a2d1db97ffba9e959616f
cluster-64-churn,hash,2048,measurement,1,1,native,414,cd1b7262b87f01d840d91bd7722f6d2b8dda0509cba24e064bd1785a2452f745,1ef16a578d41a650f06a3018a1cca9ef7bd06cb42ef310a0a2eeaf115edb0ff6
cluster-64-churn,hash,2048,measurement,2,0,native,414,cd1b7262b87f01d840d91bd7722f6d2b8dda0509cba24e064bd1785a2452f745,1ef16a578d41a650f06a3018a1cca9ef7bd06cb42ef310a0a2eeaf115edb0ff6
cluster-64-churn,scan,2048,measurement,2,1,native,126,cd1b7262b87f01d840d91bd7722f6d2b8dda0509cba24e064bd1785a2452f745,1f2a5ecfcaed14a767a41538d146e30990bda2ecac3cad622da99d5249d5d7cb
cluster-64-churn,scan,2048,measurement,3,0,native,126,cd1b7262b87f01d840d91bd7722f6d2b8dda0509cba24e064bd1785a2452f745,1f2a5ecfcaed14a767a41538d146e30990bda2ecac3cad622da99d5249d5d7cb
cluster-64-churn,hash,2048,measurement,3,1,native,410,cd1b7262b87f01d840d91bd7722f6d2b8dda0509cba24e064bd1785a2452f745,a70be9a7b4ac2c600dd146c08636c6bfd9142c15a60099c02e3cb9d18d977425
cluster-64-churn,hash,2048,measurement,4,0,native,412,cd1b7262b87f01d840d91bd7722f6d2b8dda0509cba24e064bd1785a2452f745,e2b2d22ebc184495437853b844829e0b9bff6bf63ee15cf14b24f3fe0d4f7f3c
cluster-64-churn,scan,2048,measurement,4,1,native,126,cd1b7262b87f01d840d91bd7722f6d2b8dda0509cba24e064bd1785a2452f745,1f2a5ecfcaed14a767a41538d146e30990bda2ecac3cad622da99d5249d5d7cb
cluster-64-churn,scan,2048,measurement,5,0,native,126,cd1b7262b87f01d840d91bd7722f6d2b8dda0509cba24e064bd1785a2452f745,1f2a5ecfcaed14a767a41538d146e30990bda2ecac3cad622da99d5249d5d7cb
cluster-64-churn,hash,2048,measurement,5,1,native,413,cd1b7262b87f01d840d91bd7722f6d2b8dda0509cba24e064bd1785a2452f745,20de939bae927e9901e9a6670a10160ebb1e95e7b95b26bbd256b1158ecba7f1
