case,arm,rounds,phase,pair,order,mode,milliseconds,requests,moves,checksum,hits,fills,bypasses,peak_rss_kib,workload_sha256,input_sha256,stdout_sha256
warm-0pct-hits,direct,1,diagnostic,0,0,optimized,0,8,230,536319571,0,0,8,2224,fc6dddbaeaeea8ac283f8b2f6d566417015f823ca9b256701f3322315af94b9b,13d99b7511bc518faa58bd5044bfa7fa86f5319195b81d47046ea722b3a153d4,ae1c3ffc2cdeb515049219614e179d880e1cae3d312463b70b5f27cfaf7b38a8
warm-0pct-hits,direct,0,contract,0,0,optimized,0,0,0,0,0,0,0,2216,fc6dddbaeaeea8ac283f8b2f6d566417015f823ca9b256701f3322315af94b9b,f1456de6142a9f30c3263a4bed3d14748b175d814ae3db2b78091209038e9a04,723630e2fb22dac2bf22ec8e8897e789770e1df58c399869e0f4172278464da3
warm-0pct-hits,direct,3,contract,0,0,optimized,0,24,690,1017385041,0,0,24,2224,fc6dddbaeaeea8ac283f8b2f6d566417015f823ca9b256701f3322315af94b9b,2723702223aee0218ae59fc5b52eb0499588e6ad4a82fe0f9e6dd4bde01394bc,593d4216b1ede02736581614af33dda1962555b8384204d85daedbd9a52c297a
warm-0pct-hits,cached,1,diagnostic,0,0,optimized,0,8,230,536319571,0,0,8,2312,fc6dddbaeaeea8ac283f8b2f6d566417015f823ca9b256701f3322315af94b9b,31fd9fddecfdeb4c8d170d14e68217583b84dfa23a5838c8100dc13e5f08c165,62cb9ac6daf8f5c0cf82b24efa4871322e8f613443b42b688902ac48ac19a2c3
warm-0pct-hits,cached,0,contract,0,0,optimized,0,0,0,0,0,0,0,2228,fc6dddbaeaeea8ac283f8b2f6d566417015f823ca9b256701f3322315af94b9b,6dcb02466e9f87685f354d2c1125117e905fb71dadbd3bd2ed0ceb1730201338,af45e4142f130ca9096417698063f1985cb924b17e2b3249c81371de7cc6b3fd
warm-0pct-hits,cached,3,contract,0,0,optimized,0,24,690,1017385041,0,0,24,2372,fc6dddbaeaeea8ac283f8b2f6d566417015f823ca9b256701f3322315af94b9b,2bedfced329211c6bc725889a8a1ea0112e60ad4e37474c837d009f5d2ba8e1c,be53d510c79ef94d6bf4429ac1e264225e7cc66a3ce2934f5b87370f1b776fae
warm-25pct-hits,direct,1,diagnostic,0,0,optimized,0,8,230,536319571,0,0,8,2220,b234e71222b5b323924d4616ef58a884e5f77f8985a704458c378e4b32e76156,1b8ce2b5d89bda0fb59db3d16aee4780debb79ae5f54c116f4688d4019e7bef3,ae1c3ffc2cdeb515049219614e179d880e1cae3d312463b70b5f27cfaf7b38a8
warm-25pct-hits,direct,0,contract,0,0,optimized,0,0,0,0,0,0,0,2244,b234e71222b5b323924d4616ef58a884e5f77f8985a704458c378e4b32e76156,5ddacf996aa084b2ede773d54b335290cf491de70064e853e79f61c83b9f58b6,723630e2fb22dac2bf22ec8e8897e789770e1df58c399869e0f4172278464da3
warm-25pct-hits,direct,3,contract,0,0,optimized,0,24,690,1017385041,0,0,24,2260,b234e71222b5b323924d4616ef58a884e5f77f8985a704458c378e4b32e76156,53a86c82f645fb6c58401a6ee349e69761f73223709454355621506ee066af90,593d4216b1ede02736581614af33dda1962555b8384204d85daedbd9a52c297a
warm-25pct-hits,cached,1,diagnostic,0,0,optimized,0,8,230,536319571,2,0,6,2200,b234e71222b5b323924d4616ef58a884e5f77f8985a704458c378e4b32e76156,c04b4302d0a4417ee4dbfdb26b7dc3aa13cf92919c644045cf5057183b28060b,d80dca3bcd9bec216cd41ea9ec44602dee7b9c6eeb8f37c37060531e4613fb0b
warm-25pct-hits,cached,0,contract,0,0,optimized,0,0,0,0,0,0,0,2204,b234e71222b5b323924d4616ef58a884e5f77f8985a704458c378e4b32e76156,734cdd9933f79759d6c4b5f335c1d12cbca130a78fa971796a83f1ca1b1298ed,af45e4142f130ca9096417698063f1985cb924b17e2b3249c81371de7cc6b3fd
warm-25pct-hits,cached,3,contract,0,0,optimized,0,24,690,1017385041,6,0,18,2204,b234e71222b5b323924d4616ef58a884e5f77f8985a704458c378e4b32e76156,48ea0d15fdeee014f2b45214ffded52261a2530e75cdf1920c95e7d29ac026d8,44de01c954f5f2c03f8a03f52d2649ea04f9043a5fabdda0e4c99231c665aa5a
warm-50pct-hits,direct,1,diagnostic,0,0,optimized,0,8,230,536319571,0,0,8,2188,281244dc1022b4d4281e7c67e6d252a189b0675bf6f3a6239c112f5c7947d72d,dc51c8b7fa3863ba4495147a182d0801d9e06009684903e5529c1340b54018d4,ae1c3ffc2cdeb515049219614e179d880e1cae3d312463b70b5f27cfaf7b38a8
warm-50pct-hits,direct,0,contract,0,0,optimized,0,0,0,0,0,0,0,2216,281244dc1022b4d4281e7c67e6d252a189b0675bf6f3a6239c112f5c7947d72d,57dfddbf4fac37fcc9c635dc62882a83e63fa738c329cb9b20f9d3ce8ec32e28,723630e2fb22dac2bf22ec8e8897e789770e1df58c399869e0f4172278464da3
warm-50pct-hits,direct,3,contract,0,0,optimized,1,24,690,1017385041,0,0,24,2208,281244dc1022b4d4281e7c67e6d252a189b0675bf6f3a6239c112f5c7947d72d,3059003541fab07a5bf02c3b492aee6460653c7fd30f8db544d6ff2ea2f0b6b9,d9eab556f3935280a1d92886d77f5b66b2263776b85404d9071284d1336d27b5
warm-50pct-hits,cached,1,diagnostic,0,0,optimized,0,8,230,536319571,4,0,4,2316,281244dc1022b4d4281e7c67e6d252a189b0675bf6f3a6239c112f5c7947d72d,97d14a06578dc633d151ce68e766e9a7b98bc7f974abc6a58361f02d79f63118,aff9aa2d37f6bbfb9b4727da83a92e99196790a7a0e552c8f73824a4c493875c
warm-50pct-hits,cached,0,contract,0,0,optimized,0,0,0,0,0,0,0,2336,281244dc1022b4d4281e7c67e6d252a189b0675bf6f3a6239c112f5c7947d72d,25b06e746920d03205f031748eb4a29f1025739328530f626e4798d35306832d,af45e4142f130ca9096417698063f1985cb924b17e2b3249c81371de7cc6b3fd
warm-50pct-hits,cached,3,contract,0,0,optimized,0,24,690,1017385041,12,0,12,2340,281244dc1022b4d4281e7c67e6d252a189b0675bf6f3a6239c112f5c7947d72d,b17625f431e5a5b9ff20815ac514576d69f694b9ed124ca5b676cd67f90a13c3,d569c1027e57f5be75add3a0deaba4cf2042d61c653a7f25ce48ae17cdd66c74
warm-75pct-hits,direct,1,diagnostic,0,0,optimized,0,8,230,536319571,0,0,8,2208,43c77ec25f7df3aae48a0fbb2b22627ce3de887b470090a979033faff0b9efcd,c13f8aa68495a46beca738ddc5ae417b9a3ec4b0fde097465b013a7ed969427b,ae1c3ffc2cdeb515049219614e179d880e1cae3d312463b70b5f27cfaf7b38a8
warm-75pct-hits,direct,0,contract,0,0,optimized,0,0,0,0,0,0,0,2236,43c77ec25f7df3aae48a0fbb2b22627ce3de887b470090a979033faff0b9efcd,8ccb1b160c058a8f4bc19883cca165d0e6294061599e4adecce93d0dc200a62d,723630e2fb22dac2bf22ec8e8897e789770e1df58c399869e0f4172278464da3
warm-75pct-hits,direct,3,contract,0,0,optimized,0,24,690,1017385041,0,0,24,2212,43c77ec25f7df3aae48a0fbb2b22627ce3de887b470090a979033faff0b9efcd,0910a6fff00275609375e739f3c7970bf5382579ac57794576a91d8ed4ad899d,593d4216b1ede02736581614af33dda1962555b8384204d85daedbd9a52c297a
warm-75pct-hits,cached,1,diagnostic,0,0,optimized,0,8,230,536319571,6,0,2,2384,43c77ec25f7df3aae48a0fbb2b22627ce3de887b470090a979033faff0b9efcd,025d487c294bc63e41e5263f78a0966528bd89b06b4907926b2f1cda9acbcf90,c5d9b9e571be8f39fb90bd2343d1de09a5ed8d80011b75021d7dca1847fdb65b
warm-75pct-hits,cached,0,contract,0,0,optimized,0,0,0,0,0,0,0,2336,43c77ec25f7df3aae48a0fbb2b22627ce3de887b470090a979033faff0b9efcd,0f682ed1b9eb795a0ed60096fc4709f882698942b14714d6a960a3851d76c16a,af45e4142f130ca9096417698063f1985cb924b17e2b3249c81371de7cc6b3fd
warm-75pct-hits,cached,3,contract,0,0,optimized,0,24,690,1017385041,18,0,6,2316,43c77ec25f7df3aae48a0fbb2b22627ce3de887b470090a979033faff0b9efcd,ba455a54e26274c2d52c219db0a162ab5ca38269e146ffc6ded2ca3088293433,feda143e662f39877d19eef542ea16d5cedc5327002a5c7b92c4b50696a6c624
warm-100pct-hits,direct,1,diagnostic,0,0,optimized,0,8,230,536319571,0,0,8,2260,69e6825867261ec0c659012ac451057dce72b2b125c5ab8df6e23d0475af92ea,42f5c224fb4ef256d9226c78e889828f2dff87610c5bd5ab26512d9f4f405fe8,ae1c3ffc2cdeb515049219614e179d880e1cae3d312463b70b5f27cfaf7b38a8
warm-100pct-hits,direct,0,contract,0,0,optimized,0,0,0,0,0,0,0,2228,69e6825867261ec0c659012ac451057dce72b2b125c5ab8df6e23d0475af92ea,bb39e6585f8f1ee6dda3c93279e5779860d8271bad4fb972168b2d10a7e9a4d4,723630e2fb22dac2bf22ec8e8897e789770e1df58c399869e0f4172278464da3
warm-100pct-hits,direct,3,contract,0,0,optimized,0,24,690,1017385041,0,0,24,2220,69e6825867261ec0c659012ac451057dce72b2b125c5ab8df6e23d0475af92ea,a3600a23ffe4dfca91126019b99f6d11184154ab9a3e6515578a6661ee8b61c2,593d4216b1ede02736581614af33dda1962555b8384204d85daedbd9a52c297a
warm-100pct-hits,cached,1,diagnostic,0,0,optimized,0,8,230,536319571,8,0,0,2340,69e6825867261ec0c659012ac451057dce72b2b125c5ab8df6e23d0475af92ea,6f56a7ab05173176b7ac96425c81949cd2cc46aa71d0b8b8e650a89553cd6785,7e534c3de3e5ee80a7a235aff6bfdc10a547ae41c879ea2a88182842ccc265e5
warm-100pct-hits,cached,0,contract,0,0,optimized,0,0,0,0,0,0,0,2336,69e6825867261ec0c659012ac451057dce72b2b125c5ab8df6e23d0475af92ea,4080b5d5b2965f2f7226c4a8751e1b4fcdbf8528357ea455e6e0c68e49d30f5c,af45e4142f130ca9096417698063f1985cb924b17e2b3249c81371de7cc6b3fd
warm-100pct-hits,cached,3,contract,0,0,optimized,0,24,690,1017385041,24,0,0,2312,69e6825867261ec0c659012ac451057dce72b2b125c5ab8df6e23d0475af92ea,124c548363d38ef136146ceb180b6e07e25fc5b20085e813132bfb203475c6c3,ec4c28def9a22a9c017b790393731c63610a19676da8d7d0a02e932c1a63f0df
cold-eight-once,direct,1,diagnostic,0,0,optimized,1,8,230,536319571,0,0,8,2260,f67165d7128ad13b832a3b9c9100e1ea34d4e84bc7bab7bc8e03d282355d18da,b569f9ad0da9f8b053611f36d4280656dc873f08e50edb19d90eaf1949e7beb1,12bdbd863cf570986263bbe05dfa80b239bfa2ca688f1cfaa2e1c56d394e2f22
cold-eight-once,direct,0,contract,0,0,optimized,0,0,0,0,0,0,0,2264,f67165d7128ad13b832a3b9c9100e1ea34d4e84bc7bab7bc8e03d282355d18da,d12cc09a368cacd1e324f6db9e27e8c5f5986fd7b5e11eb67a4d26fdf2e0fc50,312b9daa7c9c9342a61c44d1fbfa8212903a745bc257a7d3b13f2579ab014473
cold-eight-once,direct,3,contract,0,0,optimized,0,24,690,1017385041,0,0,24,2228,f67165d7128ad13b832a3b9c9100e1ea34d4e84bc7bab7bc8e03d282355d18da,f41e57469f99b9a1a6f2ff73847a09bab9a1105bf6e932e44afe92b71059cde3,01f56974b50ae7beb668005d693e414d9657751f2f2b66b5fb5c5840f49ca3e3
cold-eight-once,cached,1,diagnostic,0,0,optimized,0,8,230,536319571,0,8,0,2252,f67165d7128ad13b832a3b9c9100e1ea34d4e84bc7bab7bc8e03d282355d18da,26afcf812b9aba402697a2972abe13bcb5f458c588fcb821d5bf144adcb1fc25,4bbb7018cf92e9b881e2d1555dfbd398efbcf39b0ee0bd66ea018176e598bf85
cold-eight-once,cached,0,contract,0,0,optimized,0,0,0,0,0,0,0,2224,f67165d7128ad13b832a3b9c9100e1ea34d4e84bc7bab7bc8e03d282355d18da,e9fc0ecaa6952683b807856d90b89394ccb597d8e5472309274c0cab699aefcc,9a60af40102149d096691a272e180bd88fae78a6df8c688602b87d7d63647f48
cold-eight-once,cached,3,contract,0,0,optimized,0,24,690,1017385041,0,24,0,2188,f67165d7128ad13b832a3b9c9100e1ea34d4e84bc7bab7bc8e03d282355d18da,c727e9e4e4170bf05c92aa42bf78a6f784eb5db96c5e5ec456b245d7d55d556f,d91fb8af4f5e55148c3b169ecb7d138b7fabe7421c179dc08f685453e49f3e36
warm-eight-large-arena,direct,1,diagnostic,0,0,optimized,0,8,230,536319571,0,0,8,2236,9c958f553c45695ea4a1e1bb6fceb1beb0a69cb59000e3b954b1740a4f930d60,4ec46cbb746529ea66147291f8fc61c8a588e2f8350ccd1d257971ae8da8ccce,c691aada947b4a4b525a6100f8f6bc7ada540db6adf8adc3ffc8a3d3aa1c5f2b
warm-eight-large-arena,direct,0,contract,0,0,optimized,0,0,0,0,0,0,0,2228,9c958f553c45695ea4a1e1bb6fceb1beb0a69cb59000e3b954b1740a4f930d60,1998eb64574f7e0373b1c57c5d56129594988bc5a20d77555f5a7144fe6b4171,b42e191a635823a2881ec252fa93f65a20cd0284429ebb1739ddc3644e1063ef
warm-eight-large-arena,direct,3,contract,0,0,optimized,0,24,690,1017385041,0,0,24,2224,9c958f553c45695ea4a1e1bb6fceb1beb0a69cb59000e3b954b1740a4f930d60,bca4d9b4901b6176d978289d295c4631499fad0cbab34e486482caabfef775da,235219dabd92fb97ae16f9c3bca8ef54139d8e49ec8f6a10126356b3e4c38d04
warm-eight-large-arena,cached,1,diagnostic,0,0,optimized,0,8,230,536319571,8,0,0,7620,9c958f553c45695ea4a1e1bb6fceb1beb0a69cb59000e3b954b1740a4f930d60,76fd8f8b775660fd4dd381f1bb83091af3de9a308975b583bea8cfec8c96a805,a2e806d3846ec0c1f36c8cdd7283d6d6676bbf56006efe273b882eecfd0b029b
warm-eight-large-arena,cached,0,contract,0,0,optimized,0,0,0,0,0,0,0,7588,9c958f553c45695ea4a1e1bb6fceb1beb0a69cb59000e3b954b1740a4f930d60,31708a1241341a9328efa90bf5315a4700758e8caf1a2924d467a7320e9446a4,792a46eede3c18001518e3ea044abc8b6c35b58e9ef80c35859f15a8b4b2a6c0
warm-eight-large-arena,cached,3,contract,0,0,optimized,0,24,690,1017385041,24,0,0,7560,9c958f553c45695ea4a1e1bb6fceb1beb0a69cb59000e3b954b1740a4f930d60,d2946b7253fcc8b6027956962c15b26bf93fd73e387b3cbcdcbb7a864d34830a,a6bbf7a0ac83bd6373b66a2ac781144589fddd8e8620d594b7ea11bd34aa1281
warm-empty-move-list,direct,1,diagnostic,0,0,optimized,0,1,0,131072,0,0,1,2184,d288dcc704ab51f437c213ba6069aeba7da3d60473e39dd6a2908e1df8161f09,c6b4e6b444fab4cfefd6114f42f9828cbae7feb25a1ece50fed61eb184f02849,8a382d21a70ce5fa24819f486e4a32d2137da2a885f78db62970649b76ba45e1
warm-empty-move-list,direct,0,contract,0,0,optimized,0,0,0,0,0,0,0,2188,d288dcc704ab51f437c213ba6069aeba7da3d60473e39dd6a2908e1df8161f09,53e389bbb433ff7332c98e0b31da9209c45f967150c72fcb06de4e9cf84cf990,57f13ce9f87c4570a40752117f2e927bbffabfdba7c9647f5384a9eced9e327e
warm-empty-move-list,direct,3,contract,0,0,optimized,0,3,0,2238578688,0,0,3,2244,d288dcc704ab51f437c213ba6069aeba7da3d60473e39dd6a2908e1df8161f09,a27e206e0427ca053df679137dcf0be7deb548aa27510f384295b6831c23cdbf,353ba5024748fc5dfc2ab29c8a0307310764c90805b96f512ecee2ef69735ab7
warm-empty-move-list,cached,1,diagnostic,0,0,optimized,0,1,0,131072,1,0,0,2184,d288dcc704ab51f437c213ba6069aeba7da3d60473e39dd6a2908e1df8161f09,5bbcaaf2d6f432b42d48c86b26d3e18f3f02abac53f6f88599e4e7c3a3ddf70e,b645811ecc5080efea74dbe0e487fec7c1e3cf61e06b7a0b4b1fa97c86a71e2b
warm-empty-move-list,cached,0,contract,0,0,optimized,0,0,0,0,0,0,0,2224,d288dcc704ab51f437c213ba6069aeba7da3d60473e39dd6a2908e1df8161f09,21ad9ce265ed065e91444c3b866f0116a3216525bd6eca82f7c3a9f15c59a711,4b9d9c969a6250a699df8392b00b505cf48703ecfb904ed6bf8606aeced5d39e
warm-empty-move-list,cached,3,contract,0,0,optimized,0,3,0,2238578688,3,0,0,2260,d288dcc704ab51f437c213ba6069aeba7da3d60473e39dd6a2908e1df8161f09,50a4049e1b18d84273df7ca961b3e086898f2376a81c9f6efa5082dfc62233e6,3ba26fd2097cccd5557943386353f87a56aa6a5da4000273b10110848b7bca21
warm-0pct-hits,direct,1,diagnostic,0,0,ubsan,0,8,230,536319571,0,0,8,4408,fc6dddbaeaeea8ac283f8b2f6d566417015f823ca9b256701f3322315af94b9b,13d99b7511bc518faa58bd5044bfa7fa86f5319195b81d47046ea722b3a153d4,ae1c3ffc2cdeb515049219614e179d880e1cae3d312463b70b5f27cfaf7b38a8
warm-0pct-hits,direct,0,contract,0,0,ubsan,0,0,0,0,0,0,0,4416,fc6dddbaeaeea8ac283f8b2f6d566417015f823ca9b256701f3322315af94b9b,f1456de6142a9f30c3263a4bed3d14748b175d814ae3db2b78091209038e9a04,723630e2fb22dac2bf22ec8e8897e789770e1df58c399869e0f4172278464da3
warm-0pct-hits,direct,3,contract,0,0,ubsan,0,24,690,1017385041,0,0,24,4440,fc6dddbaeaeea8ac283f8b2f6d566417015f823ca9b256701f3322315af94b9b,2723702223aee0218ae59fc5b52eb0499588e6ad4a82fe0f9e6dd4bde01394bc,593d4216b1ede02736581614af33dda1962555b8384204d85daedbd9a52c297a
warm-0pct-hits,cached,1,diagnostic,0,0,ubsan,0,8,230,536319571,0,0,8,4412,fc6dddbaeaeea8ac283f8b2f6d566417015f823ca9b256701f3322315af94b9b,31fd9fddecfdeb4c8d170d14e68217583b84dfa23a5838c8100dc13e5f08c165,62cb9ac6daf8f5c0cf82b24efa4871322e8f613443b42b688902ac48ac19a2c3
warm-0pct-hits,cached,0,contract,0,0,ubsan,0,0,0,0,0,0,0,4412,fc6dddbaeaeea8ac283f8b2f6d566417015f823ca9b256701f3322315af94b9b,6dcb02466e9f87685f354d2c1125117e905fb71dadbd3bd2ed0ceb1730201338,af45e4142f130ca9096417698063f1985cb924b17e2b3249c81371de7cc6b3fd
warm-0pct-hits,cached,3,contract,0,0,ubsan,1,24,690,1017385041,0,0,24,4404,fc6dddbaeaeea8ac283f8b2f6d566417015f823ca9b256701f3322315af94b9b,2bedfced329211c6bc725889a8a1ea0112e60ad4e37474c837d009f5d2ba8e1c,834d9d8c08855f97d6f44895ffccb90a374359d6b01594f980f58ede8746fca8
warm-25pct-hits,direct,1,diagnostic,0,0,ubsan,0,8,230,536319571,0,0,8,4416,b234e71222b5b323924d4616ef58a884e5f77f8985a704458c378e4b32e76156,1b8ce2b5d89bda0fb59db3d16aee4780debb79ae5f54c116f4688d4019e7bef3,ae1c3ffc2cdeb515049219614e179d880e1cae3d312463b70b5f27cfaf7b38a8
warm-25pct-hits,direct,0,contract,0,0,ubsan,0,0,0,0,0,0,0,4416,b234e71222b5b323924d4616ef58a884e5f77f8985a704458c378e4b32e76156,5ddacf996aa084b2ede773d54b335290cf491de70064e853e79f61c83b9f58b6,723630e2fb22dac2bf22ec8e8897e789770e1df58c399869e0f4172278464da3
warm-25pct-hits,direct,3,contract,0,0,ubsan,0,24,690,1017385041,0,0,24,4464,b234e71222b5b323924d4616ef58a884e5f77f8985a704458c378e4b32e76156,53a86c82f645fb6c58401a6ee349e69761f73223709454355621506ee066af90,593d4216b1ede02736581614af33dda1962555b8384204d85daedbd9a52c297a
warm-25pct-hits,cached,1,diagnostic,0,0,ubsan,0,8,230,536319571,2,0,6,4440,b234e71222b5b323924d4616ef58a884e5f77f8985a704458c378e4b32e76156,c04b4302d0a4417ee4dbfdb26b7dc3aa13cf92919c644045cf5057183b28060b,d80dca3bcd9bec216cd41ea9ec44602dee7b9c6eeb8f37c37060531e4613fb0b
warm-25pct-hits,cached,0,contract,0,0,ubsan,0,0,0,0,0,0,0,4392,b234e71222b5b323924d4616ef58a884e5f77f8985a704458c378e4b32e76156,734cdd9933f79759d6c4b5f335c1d12cbca130a78fa971796a83f1ca1b1298ed,af45e4142f130ca9096417698063f1985cb924b17e2b3249c81371de7cc6b3fd
warm-25pct-hits,cached,3,contract,0,0,ubsan,0,24,690,1017385041,6,0,18,4376,b234e71222b5b323924d4616ef58a884e5f77f8985a704458c378e4b32e76156,48ea0d15fdeee014f2b45214ffded52261a2530e75cdf1920c95e7d29ac026d8,44de01c954f5f2c03f8a03f52d2649ea04f9043a5fabdda0e4c99231c665aa5a
warm-50pct-hits,direct,1,diagnostic,0,0,ubsan,0,8,230,536319571,0,0,8,4376,281244dc1022b4d4281e7c67e6d252a189b0675bf6f3a6239c112f5c7947d72d,dc51c8b7fa3863ba4495147a182d0801d9e06009684903e5529c1340b54018d4,ae1c3ffc2cdeb515049219614e179d880e1cae3d312463b70b5f27cfaf7b38a8
warm-50pct-hits,direct,0,contract,0,0,ubsan,0,0,0,0,0,0,0,4480,281244dc1022b4d4281e7c67e6d252a189b0675bf6f3a6239c112f5c7947d72d,57dfddbf4fac37fcc9c635dc62882a83e63fa738c329cb9b20f9d3ce8ec32e28,723630e2fb22dac2bf22ec8e8897e789770e1df58c399869e0f4172278464da3
warm-50pct-hits,direct,3,contract,0,0,ubsan,0,24,690,1017385041,0,0,24,4376,281244dc1022b4d4281e7c67e6d252a189b0675bf6f3a6239c112f5c7947d72d,3059003541fab07a5bf02c3b492aee6460653c7fd30f8db544d6ff2ea2f0b6b9,593d4216b1ede02736581614af33dda1962555b8384204d85daedbd9a52c297a
warm-50pct-hits,cached,1,diagnostic,0,0,ubsan,0,8,230,536319571,4,0,4,4440,281244dc1022b4d4281e7c67e6d252a189b0675bf6f3a6239c112f5c7947d72d,97d14a06578dc633d151ce68e766e9a7b98bc7f974abc6a58361f02d79f63118,aff9aa2d37f6bbfb9b4727da83a92e99196790a7a0e552c8f73824a4c493875c
warm-50pct-hits,cached,0,contract,0,0,ubsan,0,0,0,0,0,0,0,4440,281244dc1022b4d4281e7c67e6d252a189b0675bf6f3a6239c112f5c7947d72d,25b06e746920d03205f031748eb4a29f1025739328530f626e4798d35306832d,af45e4142f130ca9096417698063f1985cb924b17e2b3249c81371de7cc6b3fd
warm-50pct-hits,cached,3,contract,0,0,ubsan,0,24,690,1017385041,12,0,12,4440,281244dc1022b4d4281e7c67e6d252a189b0675bf6f3a6239c112f5c7947d72d,b17625f431e5a5b9ff20815ac514576d69f694b9ed124ca5b676cd67f90a13c3,d569c1027e57f5be75add3a0deaba4cf2042d61c653a7f25ce48ae17cdd66c74
warm-75pct-hits,direct,1,diagnostic,0,0,ubsan,0,8,230,536319571,0,0,8,4396,43c77ec25f7df3aae48a0fbb2b22627ce3de887b470090a979033faff0b9efcd,c13f8aa68495a46beca738ddc5ae417b9a3ec4b0fde097465b013a7ed969427b,ae1c3ffc2cdeb515049219614e179d880e1cae3d312463b70b5f27cfaf7b38a8
warm-75pct-hits,direct,0,contract,0,0,ubsan,0,0,0,0,0,0,0,4372,43c77ec25f7df3aae48a0fbb2b22627ce3de887b470090a979033faff0b9efcd,8ccb1b160c058a8f4bc19883cca165d0e6294061599e4adecce93d0dc200a62d,723630e2fb22dac2bf22ec8e8897e789770e1df58c399869e0f4172278464da3
warm-75pct-hits,direct,3,contract,0,0,ubsan,0,24,690,1017385041,0,0,24,4404,43c77ec25f7df3aae48a0fbb2b22627ce3de887b470090a979033faff0b9efcd,0910a6fff00275609375e739f3c7970bf5382579ac57794576a91d8ed4ad899d,593d4216b1ede02736581614af33dda1962555b8384204d85daedbd9a52c297a
warm-75pct-hits,cached,1,diagnostic,0,0,ubsan,0,8,230,536319571,6,0,2,4372,43c77ec25f7df3aae48a0fbb2b22627ce3de887b470090a979033faff0b9efcd,025d487c294bc63e41e5263f78a0966528bd89b06b4907926b2f1cda9acbcf90,c5d9b9e571be8f39fb90bd2343d1de09a5ed8d80011b75021d7dca1847fdb65b
warm-75pct-hits,cached,0,contract,0,0,ubsan,0,0,0,0,0,0,0,4376,43c77ec25f7df3aae48a0fbb2b22627ce3de887b470090a979033faff0b9efcd,0f682ed1b9eb795a0ed60096fc4709f882698942b14714d6a960a3851d76c16a,af45e4142f130ca9096417698063f1985cb924b17e2b3249c81371de7cc6b3fd
warm-75pct-hits,cached,3,contract,0,0,ubsan,0,24,690,1017385041,18,0,6,4464,43c77ec25f7df3aae48a0fbb2b22627ce3de887b470090a979033faff0b9efcd,ba455a54e26274c2d52c219db0a162ab5ca38269e146ffc6ded2ca3088293433,feda143e662f39877d19eef542ea16d5cedc5327002a5c7b92c4b50696a6c624
warm-100pct-hits,direct,1,diagnostic,0,0,ubsan,0,8,230,536319571,0,0,8,4376,69e6825867261ec0c659012ac451057dce72b2b125c5ab8df6e23d0475af92ea,42f5c224fb4ef256d9226c78e889828f2dff87610c5bd5ab26512d9f4f405fe8,ae1c3ffc2cdeb515049219614e179d880e1cae3d312463b70b5f27cfaf7b38a8
warm-100pct-hits,direct,0,contract,0,0,ubsan,0,0,0,0,0,0,0,4432,69e6825867261ec0c659012ac451057dce72b2b125c5ab8df6e23d0475af92ea,bb39e6585f8f1ee6dda3c93279e5779860d8271bad4fb972168b2d10a7e9a4d4,723630e2fb22dac2bf22ec8e8897e789770e1df58c399869e0f4172278464da3
warm-100pct-hits,direct,3,contract,0,0,ubsan,0,24,690,1017385041,0,0,24,4412,69e6825867261ec0c659012ac451057dce72b2b125c5ab8df6e23d0475af92ea,a3600a23ffe4dfca91126019b99f6d11184154ab9a3e6515578a6661ee8b61c2,593d4216b1ede02736581614af33dda1962555b8384204d85daedbd9a52c297a
warm-100pct-hits,cached,1,diagnostic,0,0,ubsan,0,8,230,536319571,8,0,0,4376,69e6825867261ec0c659012ac451057dce72b2b125c5ab8df6e23d0475af92ea,6f56a7ab05173176b7ac96425c81949cd2cc46aa71d0b8b8e650a89553cd6785,7e534c3de3e5ee80a7a235aff6bfdc10a547ae41c879ea2a88182842ccc265e5
warm-100pct-hits,cached,0,contract,0,0,ubsan,0,0,0,0,0,0,0,4440,69e6825867261ec0c659012ac451057dce72b2b125c5ab8df6e23d0475af92ea,4080b5d5b2965f2f7226c4a8751e1b4fcdbf8528357ea455e6e0c68e49d30f5c,af45e4142f130ca9096417698063f1985cb924b17e2b3249c81371de7cc6b3fd
warm-100pct-hits,cached,3,contract,0,0,ubsan,0,24,690,1017385041,24,0,0,4404,69e6825867261ec0c659012ac451057dce72b2b125c5ab8df6e23d0475af92ea,124c548363d38ef136146ceb180b6e07e25fc5b20085e813132bfb203475c6c3,ec4c28def9a22a9c017b790393731c63610a19676da8d7d0a02e932c1a63f0df
cold-eight-once,direct,1,diagnostic,0,0,ubsan,1,8,230,536319571,0,0,8,4440,f67165d7128ad13b832a3b9c9100e1ea34d4e84bc7bab7bc8e03d282355d18da,b569f9ad0da9f8b053611f36d4280656dc873f08e50edb19d90eaf1949e7beb1,12bdbd863cf570986263bbe05dfa80b239bfa2ca688f1cfaa2e1c56d394e2f22
cold-eight-once,direct,0,contract,0,0,ubsan,0,0,0,0,0,0,0,4372,f67165d7128ad13b832a3b9c9100e1ea34d4e84bc7bab7bc8e03d282355d18da,d12cc09a368cacd1e324f6db9e27e8c5f5986fd7b5e11eb67a4d26fdf2e0fc50,312b9daa7c9c9342a61c44d1fbfa8212903a745bc257a7d3b13f2579ab014473
cold-eight-once,direct,3,contract,0,0,ubsan,0,24,690,1017385041,0,0,24,4396,f67165d7128ad13b832a3b9c9100e1ea34d4e84bc7bab7bc8e03d282355d18da,f41e57469f99b9a1a6f2ff73847a09bab9a1105bf6e932e44afe92b71059cde3,01f56974b50ae7beb668005d693e414d9657751f2f2b66b5fb5c5840f49ca3e3
cold-eight-once,cached,1,diagnostic,0,0,ubsan,1,8,230,536319571,0,8,0,4372,f67165d7128ad13b832a3b9c9100e1ea34d4e84bc7bab7bc8e03d282355d18da,26afcf812b9aba402697a2972abe13bcb5f458c588fcb821d5bf144adcb1fc25,832f706662a27a514e0a05c28151c1ed66e1577b4157f0b17d694824ec42c4c9
cold-eight-once,cached,0,contract,0,0,ubsan,0,0,0,0,0,0,0,4436,f67165d7128ad13b832a3b9c9100e1ea34d4e84bc7bab7bc8e03d282355d18da,e9fc0ecaa6952683b807856d90b89394ccb597d8e5472309274c0cab699aefcc,9a60af40102149d096691a272e180bd88fae78a6df8c688602b87d7d63647f48
cold-eight-once,cached,3,contract,0,0,ubsan,0,24,690,1017385041,0,24,0,4412,f67165d7128ad13b832a3b9c9100e1ea34d4e84bc7bab7bc8e03d282355d18da,c727e9e4e4170bf05c92aa42bf78a6f784eb5db96c5e5ec456b245d7d55d556f,d91fb8af4f5e55148c3b169ecb7d138b7fabe7421c179dc08f685453e49f3e36
warm-eight-large-arena,direct,1,diagnostic,0,0,ubsan,1,8,230,536319571,0,0,8,4440,9c958f553c45695ea4a1e1bb6fceb1beb0a69cb59000e3b954b1740a4f930d60,4ec46cbb746529ea66147291f8fc61c8a588e2f8350ccd1d257971ae8da8ccce,5244b65248f3c9098f559d4354086c3f48e5da31ef7e84e3d65b460d9101228a
warm-eight-large-arena,direct,0,contract,0,0,ubsan,0,0,0,0,0,0,0,4400,9c958f553c45695ea4a1e1bb6fceb1beb0a69cb59000e3b954b1740a4f930d60,1998eb64574f7e0373b1c57c5d56129594988bc5a20d77555f5a7144fe6b4171,b42e191a635823a2881ec252fa93f65a20cd0284429ebb1739ddc3644e1063ef
warm-eight-large-arena,direct,3,contract,0,0,ubsan,0,24,690,1017385041,0,0,24,4376,9c958f553c45695ea4a1e1bb6fceb1beb0a69cb59000e3b954b1740a4f930d60,bca4d9b4901b6176d978289d295c4631499fad0cbab34e486482caabfef775da,235219dabd92fb97ae16f9c3bca8ef54139d8e49ec8f6a10126356b3e4c38d04
warm-eight-large-arena,cached,1,diagnostic,0,0,ubsan,0,8,230,536319571,8,0,0,9816,9c958f553c45695ea4a1e1bb6fceb1beb0a69cb59000e3b954b1740a4f930d60,76fd8f8b775660fd4dd381f1bb83091af3de9a308975b583bea8cfec8c96a805,a2e806d3846ec0c1f36c8cdd7283d6d6676bbf56006efe273b882eecfd0b029b
warm-eight-large-arena,cached,0,contract,0,0,ubsan,0,0,0,0,0,0,0,9736,9c958f553c45695ea4a1e1bb6fceb1beb0a69cb59000e3b954b1740a4f930d60,31708a1241341a9328efa90bf5315a4700758e8caf1a2924d467a7320e9446a4,792a46eede3c18001518e3ea044abc8b6c35b58e9ef80c35859f15a8b4b2a6c0
warm-eight-large-arena,cached,3,contract,0,0,ubsan,0,24,690,1017385041,24,0,0,9816,9c958f553c45695ea4a1e1bb6fceb1beb0a69cb59000e3b954b1740a4f930d60,d2946b7253fcc8b6027956962c15b26bf93fd73e387b3cbcdcbb7a864d34830a,a6bbf7a0ac83bd6373b66a2ac781144589fddd8e8620d594b7ea11bd34aa1281
warm-empty-move-list,direct,1,diagnostic,0,0,ubsan,0,1,0,131072,0,0,1,4416,d288dcc704ab51f437c213ba6069aeba7da3d60473e39dd6a2908e1df8161f09,c6b4e6b444fab4cfefd6114f42f9828cbae7feb25a1ece50fed61eb184f02849,8a382d21a70ce5fa24819f486e4a32d2137da2a885f78db62970649b76ba45e1
warm-empty-move-list,direct,0,contract,0,0,ubsan,0,0,0,0,0,0,0,4392,d288dcc704ab51f437c213ba6069aeba7da3d60473e39dd6a2908e1df8161f09,53e389bbb433ff7332c98e0b31da9209c45f967150c72fcb06de4e9cf84cf990,57f13ce9f87c4570a40752117f2e927bbffabfdba7c9647f5384a9eced9e327e
warm-empty-move-list,direct,3,contract,0,0,ubsan,0,3,0,2238578688,0,0,3,4440,d288dcc704ab51f437c213ba6069aeba7da3d60473e39dd6a2908e1df8161f09,a27e206e0427ca053df679137dcf0be7deb548aa27510f384295b6831c23cdbf,353ba5024748fc5dfc2ab29c8a0307310764c90805b96f512ecee2ef69735ab7
warm-empty-move-list,cached,1,diagnostic,0,0,ubsan,0,1,0,131072,1,0,0,4408,d288dcc704ab51f437c213ba6069aeba7da3d60473e39dd6a2908e1df8161f09,5bbcaaf2d6f432b42d48c86b26d3e18f3f02abac53f6f88599e4e7c3a3ddf70e,b645811ecc5080efea74dbe0e487fec7c1e3cf61e06b7a0b4b1fa97c86a71e2b
warm-empty-move-list,cached,0,contract,0,0,ubsan,0,0,0,0,0,0,0,4440,d288dcc704ab51f437c213ba6069aeba7da3d60473e39dd6a2908e1df8161f09,21ad9ce265ed065e91444c3b866f0116a3216525bd6eca82f7c3a9f15c59a711,4b9d9c969a6250a699df8392b00b505cf48703ecfb904ed6bf8606aeced5d39e
warm-empty-move-list,cached,3,contract,0,0,ubsan,0,3,0,2238578688,3,0,0,4440,d288dcc704ab51f437c213ba6069aeba7da3d60473e39dd6a2908e1df8161f09,50a4049e1b18d84273df7ca961b3e086898f2376a81c9f6efa5082dfc62233e6,3ba26fd2097cccd5557943386353f87a56aa6a5da4000273b10110848b7bca21
warm-0pct-hits,direct,32,calibration,0,0,optimized,1,256,7360,979704288,0,0,256,2220,fc6dddbaeaeea8ac283f8b2f6d566417015f823ca9b256701f3322315af94b9b,914e95cd91052d05be6794bf7d4d518f5fd75bae814cd12bee5c41ae71637a41,035636017eeb2fb16dddce7f6f8bf6ef17559dca6c26d45fb5ea45b439db810b
warm-0pct-hits,cached,32,calibration,0,0,optimized,0,256,7360,979704288,0,0,256,2388,fc6dddbaeaeea8ac283f8b2f6d566417015f823ca9b256701f3322315af94b9b,38360744c62ef110812649479f7882d893e4004c27ba08b366dcdb286d14fd34,2b2bbdb978066c396c50f83584c687a2b90f0b541edfd91d0d3057098086509d
warm-0pct-hits,direct,64,calibration,0,0,optimized,1,512,14720,3553579968,0,0,512,2224,fc6dddbaeaeea8ac283f8b2f6d566417015f823ca9b256701f3322315af94b9b,9394bd64129945354f108bff0e3c07299542062fddaaec67dd27fa63c75530bc,55c9e51e61ba350ed716514f4fefa2e8c9238bd8bb3871879393f0ca1a8e8311
warm-0pct-hits,cached,64,calibration,0,0,optimized,1,512,14720,3553579968,0,0,512,2212,fc6dddbaeaeea8ac283f8b2f6d566417015f823ca9b256701f3322315af94b9b,e270edef88216ec08c81c52135567f5c4c528d0cb81e9d3b037f67eb446e5da7,5cf827539513129cc3304a161cc0636ff9ecc39b2a335fd084e2938ccdb03374
warm-0pct-hits,direct,128,calibration,0,0,optimized,2,1024,29440,2469603200,0,0,1024,2184,fc6dddbaeaeea8ac283f8b2f6d566417015f823ca9b256701f3322315af94b9b,467c87f7f55239ea2016b15f9bb472d92ac0c340e3bc83e0c17b9d356e37fdd8,7372a7805d4444fdb02250709daaa838f31f25f22c614cd397a9555294abc005
warm-0pct-hits,cached,128,calibration,0,0,optimized,2,1024,29440,2469603200,0,0,1024,2352,fc6dddbaeaeea8ac283f8b2f6d566417015f823ca9b256701f3322315af94b9b,6edefc819b112f02deaeade0ec4777813b799f2a6a8514a855f24778f546ef58,9af297b3b8664aa5b80ad3fdc155a091fae456e68ad83b4575b9e8a49727fcaa
warm-0pct-hits,direct,256,calibration,0,0,optimized,4,2048,58880,1354256128,0,0,2048,2260,fc6dddbaeaeea8ac283f8b2f6d566417015f823ca9b256701f3322315af94b9b,816be56c6b73f6a6930dd3c8ba6499323702059d5e19625a54abf14bbf318ef3,a99d56b422142f806651ad635721191d33624d53c4f4ad8b74d47c642106d7bc
warm-0pct-hits,cached,256,calibration,0,0,optimized,5,2048,58880,1354256128,0,0,2048,2340,fc6dddbaeaeea8ac283f8b2f6d566417015f823ca9b256701f3322315af94b9b,56b33e2f5ff5a21e8da6c86d3393451b765b5eefcad1dfc865bc66179dc2b83a,705fcd4e9b658be776f8d0b7db1ab80976d554d337ce098248d2ef9a9f32f53f
warm-0pct-hits,direct,512,calibration,0,0,optimized,8,4096,117760,716742144,0,0,4096,2188,fc6dddbaeaeea8ac283f8b2f6d566417015f823ca9b256701f3322315af94b9b,1592021daedca376402a27a802b7653e56482d6562c1f5883e99ad1297671707,ff70428105d49038580aafa55aeb5ee3b646cee6cc7bc52b99c8696a4f6e7fba
warm-0pct-hits,cached,512,calibration,0,0,optimized,9,4096,117760,716742144,0,0,4096,2356,fc6dddbaeaeea8ac283f8b2f6d566417015f823ca9b256701f3322315af94b9b,ef9e015694ce9b0a277f4d91cbbcd7f9c7754d97092c3042ce27d3c87116483e,709ee361953ea00d52c5cf082088f550e0962d9da83fb11b23cd24eb5bc73f01
warm-0pct-hits,direct,1024,calibration,0,0,optimized,19,8192,235520,2056338432,0,0,8192,2260,fc6dddbaeaeea8ac283f8b2f6d566417015f823ca9b256701f3322315af94b9b,75e49dcc0d5a7f826663088f619a1eb160344cc875a67040603be61b0819d11e,c61b7103137e679bd50f723c0e1f1af9ea0a65b4faa139e5683ca7fd9617e0c9
warm-0pct-hits,cached,1024,calibration,0,0,optimized,19,8192,235520,2056338432,0,0,8192,2184,fc6dddbaeaeea8ac283f8b2f6d566417015f823ca9b256701f3322315af94b9b,3963cf54f721f997490df9fff4f0a320d78c18f3c926219ec75cfbe462a7b380,5f2ed64dff10acfc19d89a28cd06ba802ea6f36708d4b975da4819f6a74a63db
warm-0pct-hits,direct,2048,calibration,0,0,optimized,31,16384,471040,2309126144,0,0,16384,2184,fc6dddbaeaeea8ac283f8b2f6d566417015f823ca9b256701f3322315af94b9b,58e7d24ac6e2ec2a9683f34a0e9321c567310c271a8abab58b5c89158981cc96,6c5edf7c04cc649ed2ccc194eb54bc82fcab15594c1906c9d21fe00078712c0b
warm-0pct-hits,cached,2048,calibration,0,0,optimized,32,16384,471040,2309126144,0,0,16384,2348,fc6dddbaeaeea8ac283f8b2f6d566417015f823ca9b256701f3322315af94b9b,9cdd5979fb1cb445ace3b7647590c520325b81abe1452db3ce048eee9a3d8d85,ccd52372b9209d360bb5decafe7ec57a6f21d34081044c901c158bae2037a8ee
warm-0pct-hits,direct,4096,calibration,0,0,optimized,64,32768,942080,1699016704,0,0,32768,2184,fc6dddbaeaeea8ac283f8b2f6d566417015f823ca9b256701f3322315af94b9b,7a76ede1477fe54e7b8d91461faaaf0b9477f14455162be877795a151642aed6,b8a41a7fbf0ec5cb85713a2d542870a750b9022e729e8108a0f7858c0f1d44cd
warm-0pct-hits,cached,4096,calibration,0,0,optimized,80,32768,942080,1699016704,0,0,32768,2348,fc6dddbaeaeea8ac283f8b2f6d566417015f823ca9b256701f3322315af94b9b,1d5973b34015ecb4085785236ec3cc433aa8d1af2802349e1ad98a588a6382b1,42be5057c530186342618203a6dd2d7d700cbf984f39e3f9f87ea64e8d438356
warm-0pct-hits,direct,8192,calibration,0,0,optimized,135,65536,1884160,311025664,0,0,65536,2256,fc6dddbaeaeea8ac283f8b2f6d566417015f823ca9b256701f3322315af94b9b,441a61cd6257f67e3377994ebafcdbac5b0f5e3b29943198a7174d7cf9ffc897,37cd271d9d14cbb4e42cb5b7bbce150647250c577d7c894a42c6f7b09360655e
warm-0pct-hits,cached,8192,calibration,0,0,optimized,134,65536,1884160,311025664,0,0,65536,2220,fc6dddbaeaeea8ac283f8b2f6d566417015f823ca9b256701f3322315af94b9b,3f991fdc4b36e6724a3bc4f8b3dad886bca887fdabf6f9b084a11cf364ac7a65,d1af27bb67a939b8c65ed311b4a7c8f4f4ecb81ddde8bc057150ef00a76c27c9
warm-0pct-hits,direct,16384,calibration,0,0,optimized,267,131072,3768320,1158922240,0,0,131072,2184,fc6dddbaeaeea8ac283f8b2f6d566417015f823ca9b256701f3322315af94b9b,31a6c619c31b02438ea08112bcefbeba9b98f3be19dd9d8ce8adaaf3c650e6d3,a3c63a3589c2af243630fa27eb89e3b5218cd977af0be8a9e5c7cc5bb0294f0b
warm-0pct-hits,cached,16384,calibration,0,0,optimized,264,131072,3768320,1158922240,0,0,131072,2384,fc6dddbaeaeea8ac283f8b2f6d566417015f823ca9b256701f3322315af94b9b,10afaf9c5e98ddb6f13888880716fc49684b9aa769c64c605d15c1d41591a815,93f6bec8c9a5c36fdbbf8f317175e977cc6c7245963c39502c1d15bf36fe221f
warm-0pct-hits,direct,16384,measurement,0,0,optimized,269,131072,3768320,1158922240,0,0,131072,2184,fc6dddbaeaeea8ac283f8b2f6d566417015f823ca9b256701f3322315af94b9b,31a6c619c31b02438ea08112bcefbeba9b98f3be19dd9d8ce8adaaf3c650e6d3,e4473c09b44b603dd7e7f7d021ebb46f5a168403affe0df72c607ecbcd700013
warm-0pct-hits,cached,16384,measurement,0,1,optimized,264,131072,3768320,1158922240,0,0,131072,2344,fc6dddbaeaeea8ac283f8b2f6d566417015f823ca9b256701f3322315af94b9b,10afaf9c5e98ddb6f13888880716fc49684b9aa769c64c605d15c1d41591a815,93f6bec8c9a5c36fdbbf8f317175e977cc6c7245963c39502c1d15bf36fe221f
warm-0pct-hits,cached,16384,measurement,1,0,optimized,262,131072,3768320,1158922240,0,0,131072,2352,fc6dddbaeaeea8ac283f8b2f6d566417015f823ca9b256701f3322315af94b9b,10afaf9c5e98ddb6f13888880716fc49684b9aa769c64c605d15c1d41591a815,6b577b4476bbf2deb26db2fde8a6cf6fa4752b58cd35b724a4f17e5a924338df
warm-0pct-hits,direct,16384,measurement,1,1,optimized,263,131072,3768320,1158922240,0,0,131072,2204,fc6dddbaeaeea8ac283f8b2f6d566417015f823ca9b256701f3322315af94b9b,31a6c619c31b02438ea08112bcefbeba9b98f3be19dd9d8ce8adaaf3c650e6d3,780c4bcf2b644e26070be17a861209e8ea1ccb9b8101b02adb2c501c3849b8d7
warm-0pct-hits,direct,16384,measurement,2,0,optimized,316,131072,3768320,1158922240,0,0,131072,2184,fc6dddbaeaeea8ac283f8b2f6d566417015f823ca9b256701f3322315af94b9b,31a6c619c31b02438ea08112bcefbeba9b98f3be19dd9d8ce8adaaf3c650e6d3,9d765f9108850496fd3f0a2f2cc0059814d3b03b28e1770dee6820bb359ca749
warm-0pct-hits,cached,16384,measurement,2,1,optimized,270,131072,3768320,1158922240,0,0,131072,2332,fc6dddbaeaeea8ac283f8b2f6d566417015f823ca9b256701f3322315af94b9b,10afaf9c5e98ddb6f13888880716fc49684b9aa769c64c605d15c1d41591a815,3f9b5ab4e579342e8916433663b646cd47c9cbe10783821056e8b6e88311a81e
warm-0pct-hits,cached,16384,measurement,3,0,optimized,261,131072,3768320,1158922240,0,0,131072,2244,fc6dddbaeaeea8ac283f8b2f6d566417015f823ca9b256701f3322315af94b9b,10afaf9c5e98ddb6f13888880716fc49684b9aa769c64c605d15c1d41591a815,dad538d6d544c7f48b7c7669cfdf1b3af73cd1e0cd006baa35965985fa949f76
warm-0pct-hits,direct,16384,measurement,3,1,optimized,259,131072,3768320,1158922240,0,0,131072,2208,fc6dddbaeaeea8ac283f8b2f6d566417015f823ca9b256701f3322315af94b9b,31a6c619c31b02438ea08112bcefbeba9b98f3be19dd9d8ce8adaaf3c650e6d3,d09e5168437be9328b2b34f4df59b264ff79de46f5eb1da9cf6131e0d5fcaef1
warm-0pct-hits,direct,16384,measurement,4,0,optimized,255,131072,3768320,1158922240,0,0,131072,2224,fc6dddbaeaeea8ac283f8b2f6d566417015f823ca9b256701f3322315af94b9b,31a6c619c31b02438ea08112bcefbeba9b98f3be19dd9d8ce8adaaf3c650e6d3,1d9ae3983faba46531e5ea895875cd8d579fb8cc23756d511cc53092bf81d5bf
warm-0pct-hits,cached,16384,measurement,4,1,optimized,265,131072,3768320,1158922240,0,0,131072,2364,fc6dddbaeaeea8ac283f8b2f6d566417015f823ca9b256701f3322315af94b9b,10afaf9c5e98ddb6f13888880716fc49684b9aa769c64c605d15c1d41591a815,7cde06a83416b47e14f464ad3c39702fa9999a42d0d2a974f5a6165e4017d874
warm-0pct-hits,cached,16384,measurement,5,0,optimized,288,131072,3768320,1158922240,0,0,131072,2352,fc6dddbaeaeea8ac283f8b2f6d566417015f823ca9b256701f3322315af94b9b,10afaf9c5e98ddb6f13888880716fc49684b9aa769c64c605d15c1d41591a815,6d629ef5c8a74da5da9563afed194c90d794d89a55053421a114c81aa260631b
warm-0pct-hits,direct,16384,measurement,5,1,optimized,264,131072,3768320,1158922240,0,0,131072,2256,fc6dddbaeaeea8ac283f8b2f6d566417015f823ca9b256701f3322315af94b9b,31a6c619c31b02438ea08112bcefbeba9b98f3be19dd9d8ce8adaaf3c650e6d3,48efc8397655ad4decf1139c2be377487960f1bc1f98f82560d753b3fb2bd333
warm-25pct-hits,direct,32,calibration,0,0,optimized,1,256,7360,979704288,0,0,256,2252,b234e71222b5b323924d4616ef58a884e5f77f8985a704458c378e4b32e76156,5a30bbd9847cce21cc030bcd572df0509110652d23da87b9707ccbed254ecafe,035636017eeb2fb16dddce7f6f8bf6ef17559dca6c26d45fb5ea45b439db810b
warm-25pct-hits,cached,32,calibration,0,0,optimized,0,256,7360,979704288,64,0,192,2244,b234e71222b5b323924d4616ef58a884e5f77f8985a704458c378e4b32e76156,c1ddbddb2b33c5d884076fdf5d01a04d3085ecaf27ffe65adaa2087b383d6c2c,c341556945614a560bf3f9d68e1fbe85ac905f6a8147119ec5e9ae5afa532a75
warm-25pct-hits,direct,64,calibration,0,0,optimized,1,512,14720,3553579968,0,0,512,2220,b234e71222b5b323924d4616ef58a884e5f77f8985a704458c378e4b32e76156,c03aa205d90d7f74f234c09a0f15b1ef1bd890f4087207bb54e575516a32ccf5,55c9e51e61ba350ed716514f4fefa2e8c9238bd8bb3871879393f0ca1a8e8311
warm-25pct-hits,cached,64,calibration,0,0,optimized,1,512,14720,3553579968,128,0,384,2184,b234e71222b5b323924d4616ef58a884e5f77f8985a704458c378e4b32e76156,1756e81ac542202fe9e9315aedbed477fe89839951295624ecd60693163dc424,f05d219d8fe40057b214b76ce154d1716269c85b4e817140ef6fa980ccf4bdbb
warm-25pct-hits,direct,128,calibration,0,0,optimized,2,1024,29440,2469603200,0,0,1024,2244,b234e71222b5b323924d4616ef58a884e5f77f8985a704458c378e4b32e76156,526413613f4f86ea6d4fa85f6f6d4b928159ff0dfb69f353dd7c4f9264a95a27,7372a7805d4444fdb02250709daaa838f31f25f22c614cd397a9555294abc005
warm-25pct-hits,cached,128,calibration,0,0,optimized,2,1024,29440,2469603200,256,0,768,2244,b234e71222b5b323924d4616ef58a884e5f77f8985a704458c378e4b32e76156,0b08c9887dd7711eefd4200992b78b79068c7c29585392220772b04c03c71b0b,25d42e9e8b1606e57acadf7ef3b969b7baf2f744e5971c4eeca5100cf186fbf4
warm-25pct-hits,direct,256,calibration,0,0,optimized,4,2048,58880,1354256128,0,0,2048,2220,b234e71222b5b323924d4616ef58a884e5f77f8985a704458c378e4b32e76156,0b9b569d5b8c2a374f5cbeeb75c144f9612271a928d3e9e759e144e68f582832,a99d56b422142f806651ad635721191d33624d53c4f4ad8b74d47c642106d7bc
warm-25pct-hits,cached,256,calibration,0,0,optimized,4,2048,58880,1354256128,512,0,1536,2224,b234e71222b5b323924d4616ef58a884e5f77f8985a704458c378e4b32e76156,ac32ecb4b925914d6e887f293776414809496f02270c6ee37b09931cd876789e,f9d21b4dbf64634d7f9e30ad2b5630d84ad2f7dac539ba359a4e9100ee77c793
warm-25pct-hits,direct,512,calibration,0,0,optimized,8,4096,117760,716742144,0,0,4096,2208,b234e71222b5b323924d4616ef58a884e5f77f8985a704458c378e4b32e76156,595e615751550fe97b57463ae8738ea6cbdd134ae3a6300f5231729403e4ece6,ff70428105d49038580aafa55aeb5ee3b646cee6cc7bc52b99c8696a4f6e7fba
warm-25pct-hits,cached,512,calibration,0,0,optimized,7,4096,117760,716742144,1024,0,3072,2252,b234e71222b5b323924d4616ef58a884e5f77f8985a704458c378e4b32e76156,170812ca94433aff61dddea7cf7c1746b7f51ff5f262e0e007d60eee20de00d7,818ad1e3b990a0102b8e475c0ef799a9739449738a93fcdda0a7a94e9afd925d
warm-25pct-hits,direct,1024,calibration,0,0,optimized,15,8192,235520,2056338432,0,0,8192,2236,b234e71222b5b323924d4616ef58a884e5f77f8985a704458c378e4b32e76156,4f19e9d14788c11a67615903722fbee08ad0f199e16d644012b5d6122bfce487,846acf31993b1f6de04d900cb272c4afa3dbce7aec9524951cac78839f870ec4
warm-25pct-hits,cached,1024,calibration,0,0,optimized,14,8192,235520,2056338432,2048,0,6144,2388,b234e71222b5b323924d4616ef58a884e5f77f8985a704458c378e4b32e76156,07de75caf63d939c72ee427ebb02b2cd452e9a630c851ec903d38d53497f5a34,b58993a8f13ec8c767076a83f735e52131d27a7cf708a3ef9eab6e6955cbb4bf
warm-25pct-hits,direct,2048,calibration,0,0,optimized,34,16384,471040,2309126144,0,0,16384,2208,b234e71222b5b323924d4616ef58a884e5f77f8985a704458c378e4b32e76156,3675e289654eecbb13213cba57755d42bca389e8690c0cfa7294b3f663a6227b,5c58a36b4ddad6f6e95cceba2b971d3ce587ee962692e60e8300e9a54a9f17dc
warm-25pct-hits,cached,2048,calibration,0,0,optimized,29,16384,471040,2309126144,4096,0,12288,2260,b234e71222b5b323924d4616ef58a884e5f77f8985a704458c378e4b32e76156,fcd8dc9270ba44c402acd0083cec0f0329ebf47eea7049a7782cf6f1bca1a34c,848006fc2af5d610b55b435b6b69f4a5cc63a5e3300b7e0a4c7584bdbd36be7d
warm-25pct-hits,direct,4096,calibration,0,0,optimized,66,32768,942080,1699016704,0,0,32768,2220,b234e71222b5b323924d4616ef58a884e5f77f8985a704458c378e4b32e76156,57866df1ccae52492ec97fdaf6706ba1ed8a8f578d0b6960e957d541641017da,2454754db0ddece7655037a0011ed80446f25027383fd76803dbe8c6ecff802e
warm-25pct-hits,cached,4096,calibration,0,0,optimized,73,32768,942080,1699016704,8192,0,24576,2224,b234e71222b5b323924d4616ef58a884e5f77f8985a704458c378e4b32e76156,870652bb8cc97df84c3b9b9ede0b4d060c438c62c1cc61bcaac3344f255d914d,b25faf424e76f9dfd287585c2547190d6cbbde32ed1029ac487e90f4b732a9f2
warm-25pct-hits,direct,8192,calibration,0,0,optimized,133,65536,1884160,311025664,0,0,65536,2208,b234e71222b5b323924d4616ef58a884e5f77f8985a704458c378e4b32e76156,70b69c894ba45a1b2e7394131ae530b0da5dab14f5dc964be49f6700bf55fb5e,f1513059180380a10ca27244712441f02864a4b7d5b71ade1464629ea8ed7fcb
warm-25pct-hits,cached,8192,calibration,0,0,optimized,119,65536,1884160,311025664,16384,0,49152,2224,b234e71222b5b323924d4616ef58a884e5f77f8985a704458c378e4b32e76156,41d68b4d26128c4074bd12bca8fd206ccb0a16de50ea84794a4fa64b92387c8b,0b90de34c2a42af414bf4a126a6eca5d2d0920afedc3282531b79b981a0e19ed
warm-25pct-hits,direct,16384,calibration,0,0,optimized,261,131072,3768320,1158922240,0,0,131072,2260,b234e71222b5b323924d4616ef58a884e5f77f8985a704458c378e4b32e76156,5c73a97aced2f3bddf9bba6a71222d4fee435168858d23fb37c916bcf818d47c,845dcd1f3bf79db906e73f3b944a05ef4c01461a89b74ead551289d9234f90d4
warm-25pct-hits,cached,16384,calibration,0,0,optimized,230,131072,3768320,1158922240,32768,0,98304,2340,b234e71222b5b323924d4616ef58a884e5f77f8985a704458c378e4b32e76156,85ab4ea469efc945765c2c4fee3350626bcc0e5e1548cfa1f783a7ddbf335124,5969050108baca1be7681b5ae5fff1e8d9cea7af1db7c3f27f08af345252a7c3
warm-25pct-hits,direct,16384,measurement,0,0,optimized,259,131072,3768320,1158922240,0,0,131072,2088,b234e71222b5b323924d4616ef58a884e5f77f8985a704458c378e4b32e76156,5c73a97aced2f3bddf9bba6a71222d4fee435168858d23fb37c916bcf818d47c,d09e5168437be9328b2b34f4df59b264ff79de46f5eb1da9cf6131e0d5fcaef1
warm-25pct-hits,cached,16384,measurement,0,1,optimized,223,131072,3768320,1158922240,32768,0,98304,2344,b234e71222b5b323924d4616ef58a884e5f77f8985a704458c378e4b32e76156,85ab4ea469efc945765c2c4fee3350626bcc0e5e1548cfa1f783a7ddbf335124,06ebbc3d954248b47326c01a359abd80dabaa7d2960a4c8e4ccf6f932a886110
warm-25pct-hits,cached,16384,measurement,1,0,optimized,220,131072,3768320,1158922240,32768,0,98304,2348,b234e71222b5b323924d4616ef58a884e5f77f8985a704458c378e4b32e76156,85ab4ea469efc945765c2c4fee3350626bcc0e5e1548cfa1f783a7ddbf335124,bfebbf8d78ec6eeb589bf8f875a50d3ec2a171da5ff4819d1a4c99c8d07a8269
warm-25pct-hits,direct,16384,measurement,1,1,optimized,262,131072,3768320,1158922240,0,0,131072,2252,b234e71222b5b323924d4616ef58a884e5f77f8985a704458c378e4b32e76156,5c73a97aced2f3bddf9bba6a71222d4fee435168858d23fb37c916bcf818d47c,9a1c2c00a3b17c00385c79d39ce0be564070380df89809829595abb692018e2d
warm-25pct-hits,direct,16384,measurement,2,0,optimized,254,131072,3768320,1158922240,0,0,131072,2224,b234e71222b5b323924d4616ef58a884e5f77f8985a704458c378e4b32e76156,5c73a97aced2f3bddf9bba6a71222d4fee435168858d23fb37c916bcf818d47c,d3649063113add54b7547e227b8dbc006352f90820178404122239cbdd1d2825
warm-25pct-hits,cached,16384,measurement,2,1,optimized,230,131072,3768320,1158922240,32768,0,98304,2344,b234e71222b5b323924d4616ef58a884e5f77f8985a704458c378e4b32e76156,85ab4ea469efc945765c2c4fee3350626bcc0e5e1548cfa1f783a7ddbf335124,5969050108baca1be7681b5ae5fff1e8d9cea7af1db7c3f27f08af345252a7c3
warm-25pct-hits,cached,16384,measurement,3,0,optimized,233,131072,3768320,1158922240,32768,0,98304,2352,b234e71222b5b323924d4616ef58a884e5f77f8985a704458c378e4b32e76156,85ab4ea469efc945765c2c4fee3350626bcc0e5e1548cfa1f783a7ddbf335124,7d326f5b2b83d96784fb7a746437c98aa3a2f077ab1329ab062a9aa5fa9f6c2f
warm-25pct-hits,direct,16384,measurement,3,1,optimized,258,131072,3768320,1158922240,0,0,131072,2184,b234e71222b5b323924d4616ef58a884e5f77f8985a704458c378e4b32e76156,5c73a97aced2f3bddf9bba6a71222d4fee435168858d23fb37c916bcf818d47c,fcdd95f67bceae5a5ffe0db1488c876a558134794757229494a65e09d50fa20a
warm-25pct-hits,direct,16384,measurement,4,0,optimized,263,131072,3768320,1158922240,0,0,131072,2236,b234e71222b5b323924d4616ef58a884e5f77f8985a704458c378e4b32e76156,5c73a97aced2f3bddf9bba6a71222d4fee435168858d23fb37c916bcf818d47c,780c4bcf2b644e26070be17a861209e8ea1ccb9b8101b02adb2c501c3849b8d7
warm-25pct-hits,cached,16384,measurement,4,1,optimized,219,131072,3768320,1158922240,32768,0,98304,2228,b234e71222b5b323924d4616ef58a884e5f77f8985a704458c378e4b32e76156,85ab4ea469efc945765c2c4fee3350626bcc0e5e1548cfa1f783a7ddbf335124,338abb0bc26974bb59af05ced5f201465f7ba0094fc835e30f3fbeed6ac98e4a
warm-25pct-hits,cached,16384,measurement,5,0,optimized,223,131072,3768320,1158922240,32768,0,98304,2388,b234e71222b5b323924d4616ef58a884e5f77f8985a704458c378e4b32e76156,85ab4ea469efc945765c2c4fee3350626bcc0e5e1548cfa1f783a7ddbf335124,06ebbc3d954248b47326c01a359abd80dabaa7d2960a4c8e4ccf6f932a886110
warm-25pct-hits,direct,16384,measurement,5,1,optimized,293,131072,3768320,1158922240,0,0,131072,2184,b234e71222b5b323924d4616ef58a884e5f77f8985a704458c378e4b32e76156,5c73a97aced2f3bddf9bba6a71222d4fee435168858d23fb37c916bcf818d47c,15c044f9675edfe4d21705ea26f556b25607f908d8efae07321d9565e79b7dbd
warm-50pct-hits,direct,32,calibration,0,0,optimized,0,256,7360,979704288,0,0,256,2224,281244dc1022b4d4281e7c67e6d252a189b0675bf6f3a6239c112f5c7947d72d,38a4c89c67fe783003d7ccd8bcf0aaf4905a9b67fe9db3fadde991b5c448ac55,f109b282d62ecf9800374e1c0384f15582812b5514749b7bbda8ee5fb113ec07
warm-50pct-hits,cached,32,calibration,0,0,optimized,1,256,7360,979704288,128,0,128,2388,281244dc1022b4d4281e7c67e6d252a189b0675bf6f3a6239c112f5c7947d72d,ea29884333e31cf7255df6d5e14063efaad61abb5ba1049eb21f34a77c5adc8f,bb312b2734e0d80fd683c0016d9a369cc3f1cd4dc9d2f7b37bd27c2bc25677e7
warm-50pct-hits,direct,64,calibration,0,0,optimized,1,512,14720,3553579968,0,0,512,2236,281244dc1022b4d4281e7c67e6d252a189b0675bf6f3a6239c112f5c7947d72d,92895c9c9306421dc6301ba932ffe2df596364a07a0cf6aa4a9d317105ee7328,55c9e51e61ba350ed716514f4fefa2e8c9238bd8bb3871879393f0ca1a8e8311
warm-50pct-hits,cached,64,calibration,0,0,optimized,1,512,14720,3553579968,256,0,256,2340,281244dc1022b4d4281e7c67e6d252a189b0675bf6f3a6239c112f5c7947d72d,02b9789b97338e07682bce900de5e215f97abaee2bd86103df3cb1c3408b0a70,d4bc8c7dad951e261dc3dbbc1f9af6b35fd10f17b36495591c67a7b38fad5327
warm-50pct-hits,direct,128,calibration,0,0,optimized,2,1024,29440,2469603200,0,0,1024,2208,281244dc1022b4d4281e7c67e6d252a189b0675bf6f3a6239c112f5c7947d72d,8672e763b49eab6c025025fd45ed7535195c91ab49a2593f5cca09d8ecb25438,7372a7805d4444fdb02250709daaa838f31f25f22c614cd397a9555294abc005
warm-50pct-hits,cached,128,calibration,0,0,optimized,1,1024,29440,2469603200,512,0,512,2384,281244dc1022b4d4281e7c67e6d252a189b0675bf6f3a6239c112f5c7947d72d,326b3ea16ab45c02923256fb7f5d87b0a6171af4a643a780bab232bc913873ae,f40e32cac3118fbcdd40b0a1682387abcb14afb7bb867fc79dde16cfbbcd0bd9
warm-50pct-hits,direct,256,calibration,0,0,optimized,4,2048,58880,1354256128,0,0,2048,2208,281244dc1022b4d4281e7c67e6d252a189b0675bf6f3a6239c112f5c7947d72d,e73acce6091edf128ced79dbe2233d0314caccaa828e1094d0de7e40bd0bac7a,a99d56b422142f806651ad635721191d33624d53c4f4ad8b74d47c642106d7bc
warm-50pct-hits,cached,256,calibration,0,0,optimized,3,2048,58880,1354256128,1024,0,1024,2316,281244dc1022b4d4281e7c67e6d252a189b0675bf6f3a6239c112f5c7947d72d,e7a9422b36c7364c6ba0756a61e33da2017d2fc134dcfb6a14b8cc1123d18fc3,0791ab16f57f39b2f04cff815f19f05a6e434c7f421fa712fe3979cc9761dbc1
warm-50pct-hits,direct,512,calibration,0,0,optimized,8,4096,117760,716742144,0,0,4096,2228,281244dc1022b4d4281e7c67e6d252a189b0675bf6f3a6239c112f5c7947d72d,f9b0e0a104720e0862932a6c57f9d4e3795df92fade96c659c339d075457a655,ff70428105d49038580aafa55aeb5ee3b646cee6cc7bc52b99c8696a4f6e7fba
warm-50pct-hits,cached,512,calibration,0,0,optimized,5,4096,117760,716742144,2048,0,2048,2380,281244dc1022b4d4281e7c67e6d252a189b0675bf6f3a6239c112f5c7947d72d,77f86f63176d5a83621f036c1541401de59becbf553c604c44259e96d63db864,9c6321df9caa02d3f4593459f8c396999a780de933f465ea3af50c2c370bdc09
warm-50pct-hits,direct,1024,calibration,0,0,optimized,16,8192,235520,2056338432,0,0,8192,2184,281244dc1022b4d4281e7c67e6d252a189b0675bf6f3a6239c112f5c7947d72d,d845430c765864064107e81a9bcf3f883d32cfab4f534c844aa174b4e767f155,34f33f24581367d056c3ef724323d95f69c11ff8a306b665aabddc3678e1886a
warm-50pct-hits,cached,1024,calibration,0,0,optimized,11,8192,235520,2056338432,4096,0,4096,2312,281244dc1022b4d4281e7c67e6d252a189b0675bf6f3a6239c112f5c7947d72d,9504aad4d66efa22f53a7527c5f2629ca89474ad13c7dd78f08edd60c40177bd,bc41e173bc7f13743571acde4b1f34b53586b10e531169f9c816287c2ec788ac
warm-50pct-hits,direct,2048,calibration,0,0,optimized,32,16384,471040,2309126144,0,0,16384,2212,281244dc1022b4d4281e7c67e6d252a189b0675bf6f3a6239c112f5c7947d72d,f243003b09c279e638de81fc8d7df45275ed18c163f52475ffbd1537cfcdd4c2,0e45b1425ecd9e34adb68f941a380993047e0d1be183fab5972bd62ecadb6cef
warm-50pct-hits,cached,2048,calibration,0,0,optimized,23,16384,471040,2309126144,8192,0,8192,2388,281244dc1022b4d4281e7c67e6d252a189b0675bf6f3a6239c112f5c7947d72d,05a93e2b8529675c29bd480fae110e33072ef53f3c5672087d90a96bed4f3d12,c3c35f852164d1e31d4b0145690f9bc7bad976f1b14d1c2b47195b45e059e2d0
warm-50pct-hits,direct,4096,calibration,0,0,optimized,65,32768,942080,1699016704,0,0,32768,2212,281244dc1022b4d4281e7c67e6d252a189b0675bf6f3a6239c112f5c7947d72d,5f965b6ac1d91d4fc346c0de94243b4b7124d7a948414147e1391b57cfa9cad0,d7b2d16e774257219bdcbc193846e86e85d13de6eb3355bf59e652f16d7afb14
warm-50pct-hits,cached,4096,calibration,0,0,optimized,43,32768,942080,1699016704,16384,0,16384,2312,281244dc1022b4d4281e7c67e6d252a189b0675bf6f3a6239c112f5c7947d72d,a25819985a9e7e26744a91d520df43f37a977712ab165bacfc3d3f6958b08d9e,75170b5f5c7b183bafef5ff9df2413032abb1d8d53637cbad1406e83b3189995
warm-50pct-hits,direct,8192,calibration,0,0,optimized,143,65536,1884160,311025664,0,0,65536,2236,281244dc1022b4d4281e7c67e6d252a189b0675bf6f3a6239c112f5c7947d72d,fe40140aba6fb75cc384e3aa80fcf212ba496a335255e9c651f3cf7cef5cd7f9,4ea22c2c4bd034cb3267ffa95ec603b15f69a2f6265661a314989bda56564846
warm-50pct-hits,cached,8192,calibration,0,0,optimized,88,65536,1884160,311025664,32768,0,32768,2364,281244dc1022b4d4281e7c67e6d252a189b0675bf6f3a6239c112f5c7947d72d,21d33a3597fa063f20b8690dd061bc014adf3d93d58aadd0f161010c123ae672,f9811f6664e4bfa5e703a496677630e45520f8a084b2ef3403d1ca1a80ca7bbc
warm-50pct-hits,direct,16384,calibration,0,0,optimized,254,131072,3768320,1158922240,0,0,131072,2184,281244dc1022b4d4281e7c67e6d252a189b0675bf6f3a6239c112f5c7947d72d,530ff824e2a1fd1f9a94788b3785fc9e15e68a02fa3f27790415b7e698f8741d,d3649063113add54b7547e227b8dbc006352f90820178404122239cbdd1d2825
warm-50pct-hits,cached,16384,calibration,0,0,optimized,172,131072,3768320,1158922240,65536,0,65536,2352,281244dc1022b4d4281e7c67e6d252a189b0675bf6f3a6239c112f5c7947d72d,745682effbf0438172fe8c3a3f7d03d1d2b50f26e7b0ae42546d1b97bdf5bea5,ad27a1b5ef09acb45f3aec6048bde6606caba24c1ec1decc3b450b3ad6291b8d
warm-50pct-hits,direct,16384,measurement,0,0,optimized,255,131072,3768320,1158922240,0,0,131072,2204,281244dc1022b4d4281e7c67e6d252a189b0675bf6f3a6239c112f5c7947d72d,530ff824e2a1fd1f9a94788b3785fc9e15e68a02fa3f27790415b7e698f8741d,1d9ae3983faba46531e5ea895875cd8d579fb8cc23756d511cc53092bf81d5bf
warm-50pct-hits,cached,16384,measurement,0,1,optimized,176,131072,3768320,1158922240,65536,0,65536,2332,281244dc1022b4d4281e7c67e6d252a189b0675bf6f3a6239c112f5c7947d72d,745682effbf0438172fe8c3a3f7d03d1d2b50f26e7b0ae42546d1b97bdf5bea5,a4da7066f2c4b72724668612db900237e649f12035d7250a0e163adf2e40e312
warm-50pct-hits,cached,16384,measurement,1,0,optimized,181,131072,3768320,1158922240,65536,0,65536,2380,281244dc1022b4d4281e7c67e6d252a189b0675bf6f3a6239c112f5c7947d72d,745682effbf0438172fe8c3a3f7d03d1d2b50f26e7b0ae42546d1b97bdf5bea5,f524ab444d746a6cb6926944fbf18b909faeab10af49f66d102cbceb6e0da79e
warm-50pct-hits,direct,16384,measurement,1,1,optimized,257,131072,3768320,1158922240,0,0,131072,2236,281244dc1022b4d4281e7c67e6d252a189b0675bf6f3a6239c112f5c7947d72d,530ff824e2a1fd1f9a94788b3785fc9e15e68a02fa3f27790415b7e698f8741d,9fd6b3f0fcfe10589588a4ad32bbbaa0ccb4fb9ba6098bc8f9e25d38dc3d9a7c
warm-50pct-hits,direct,16384,measurement,2,0,optimized,256,131072,3768320,1158922240,0,0,131072,2184,281244dc1022b4d4281e7c67e6d252a189b0675bf6f3a6239c112f5c7947d72d,530ff824e2a1fd1f9a94788b3785fc9e15e68a02fa3f27790415b7e698f8741d,32a267e849eced68474941a71ed3b959441dd2e93b972b0ad525474c2f87ac9b
warm-50pct-hits,cached,16384,measurement,2,1,optimized,176,131072,3768320,1158922240,65536,0,65536,2372,281244dc1022b4d4281e7c67e6d252a189b0675bf6f3a6239c112f5c7947d72d,745682effbf0438172fe8c3a3f7d03d1d2b50f26e7b0ae42546d1b97bdf5bea5,a4da7066f2c4b72724668612db900237e649f12035d7250a0e163adf2e40e312
warm-50pct-hits,cached,16384,measurement,3,0,optimized,175,131072,3768320,1158922240,65536,0,65536,2356,281244dc1022b4d4281e7c67e6d252a189b0675bf6f3a6239c112f5c7947d72d,745682effbf0438172fe8c3a3f7d03d1d2b50f26e7b0ae42546d1b97bdf5bea5,1df7dddb2c3601ce33273714d48b6baa1e47890abb550b9e8ec1d98010ac1df0
warm-50pct-hits,direct,16384,measurement,3,1,optimized,252,131072,3768320,1158922240,0,0,131072,2184,281244dc1022b4d4281e7c67e6d252a189b0675bf6f3a6239c112f5c7947d72d,530ff824e2a1fd1f9a94788b3785fc9e15e68a02fa3f27790415b7e698f8741d,3e2476e416c8dd6d696a958ed7199e251aa0d3b0a333e052438aa84e255832ff
warm-50pct-hits,direct,16384,measurement,4,0,optimized,255,131072,3768320,1158922240,0,0,131072,2244,281244dc1022b4d4281e7c67e6d252a189b0675bf6f3a6239c112f5c7947d72d,530ff824e2a1fd1f9a94788b3785fc9e15e68a02fa3f27790415b7e698f8741d,1d9ae3983faba46531e5ea895875cd8d579fb8cc23756d511cc53092bf81d5bf
warm-50pct-hits,cached,16384,measurement,4,1,optimized,174,131072,3768320,1158922240,65536,0,65536,2340,281244dc1022b4d4281e7c67e6d252a189b0675bf6f3a6239c112f5c7947d72d,745682effbf0438172fe8c3a3f7d03d1d2b50f26e7b0ae42546d1b97bdf5bea5,7f5feeb06d48264eefe2c9e741a8bf4957598dbf890742f49af97457af6ef0c6
warm-50pct-hits,cached,16384,measurement,5,0,optimized,175,131072,3768320,1158922240,65536,0,65536,2332,281244dc1022b4d4281e7c67e6d252a189b0675bf6f3a6239c112f5c7947d72d,745682effbf0438172fe8c3a3f7d03d1d2b50f26e7b0ae42546d1b97bdf5bea5,1df7dddb2c3601ce33273714d48b6baa1e47890abb550b9e8ec1d98010ac1df0
warm-50pct-hits,direct,16384,measurement,5,1,optimized,264,131072,3768320,1158922240,0,0,131072,2220,281244dc1022b4d4281e7c67e6d252a189b0675bf6f3a6239c112f5c7947d72d,530ff824e2a1fd1f9a94788b3785fc9e15e68a02fa3f27790415b7e698f8741d,48efc8397655ad4decf1139c2be377487960f1bc1f98f82560d753b3fb2bd333
warm-75pct-hits,direct,32,calibration,0,0,optimized,1,256,7360,979704288,0,0,256,2236,43c77ec25f7df3aae48a0fbb2b22627ce3de887b470090a979033faff0b9efcd,884ad2c011dc7939fe3442b2afefc049ab42825cbbfaf7d7d9a5d7a9ccc435fe,035636017eeb2fb16dddce7f6f8bf6ef17559dca6c26d45fb5ea45b439db810b
warm-75pct-hits,cached,32,calibration,0,0,optimized,0,256,7360,979704288,192,0,64,2336,43c77ec25f7df3aae48a0fbb2b22627ce3de887b470090a979033faff0b9efcd,aa54d7f033693b2b2243455b4099903cf046dd4f0c2f366934875e6199dc4b6f,5c3bd021a4f398d66bd5801db1692ff20942df95f32f76f03f0781748f5bfd29
warm-75pct-hits,direct,64,calibration,0,0,optimized,1,512,14720,3553579968,0,0,512,2236,43c77ec25f7df3aae48a0fbb2b22627ce3de887b470090a979033faff0b9efcd,bd70414d9ca644e71d88e4c5f81e88f555453f6aff4dc6b0e7d7655810e9213d,55c9e51e61ba350ed716514f4fefa2e8c9238bd8bb3871879393f0ca1a8e8311
warm-75pct-hits,cached,64,calibration,0,0,optimized,0,512,14720,3553579968,384,0,128,2348,43c77ec25f7df3aae48a0fbb2b22627ce3de887b470090a979033faff0b9efcd,86442301293d7f0b802148c218a23d6b2e13859b0f237a6f746e8958dbb198db,615e003695547d15ee39e07da5198daf844e98798d915683a81081afb216acbf
warm-75pct-hits,direct,128,calibration,0,0,optimized,2,1024,29440,2469603200,0,0,1024,2228,43c77ec25f7df3aae48a0fbb2b22627ce3de887b470090a979033faff0b9efcd,00113f1b028c42c0bc5791db8316c4d222cbd42d6d72b04f3ec7a670bc45865b,7372a7805d4444fdb02250709daaa838f31f25f22c614cd397a9555294abc005
warm-75pct-hits,cached,128,calibration,0,0,optimized,1,1024,29440,2469603200,768,0,256,2276,43c77ec25f7df3aae48a0fbb2b22627ce3de887b470090a979033faff0b9efcd,7cd87739157772a347ae23db8f3bbd8132dee3d22d4e45d1110ba83d7529be73,bc0b98b34f67ed4ff6baece01aec8b4ea46169776f862ca96c2a256399aadafe
warm-75pct-hits,direct,256,calibration,0,0,optimized,4,2048,58880,1354256128,0,0,2048,2184,43c77ec25f7df3aae48a0fbb2b22627ce3de887b470090a979033faff0b9efcd,c08c04fbe548ebdffac02e2fbc34948ee68cb1bee01c9851db6fc7c2136d10a5,a99d56b422142f806651ad635721191d33624d53c4f4ad8b74d47c642106d7bc
warm-75pct-hits,cached,256,calibration,0,0,optimized,2,2048,58880,1354256128,1536,0,512,2332,43c77ec25f7df3aae48a0fbb2b22627ce3de887b470090a979033faff0b9efcd,1619b9347c7a41a6fdac5397a1f34a60bb9970ea3dc75b994d4c1ab4d1ea8f7c,66aad5c4ea9316890f07417bea292f18168a96d09404a247f5942b5885a82e86
warm-75pct-hits,direct,512,calibration,0,0,optimized,8,4096,117760,716742144,0,0,4096,2184,43c77ec25f7df3aae48a0fbb2b22627ce3de887b470090a979033faff0b9efcd,2b0753924a0324a8f85ac64b54632da3efc84eb84a908d0178d94e03698efa39,ff70428105d49038580aafa55aeb5ee3b646cee6cc7bc52b99c8696a4f6e7fba
warm-75pct-hits,cached,512,calibration,0,0,optimized,4,4096,117760,716742144,3072,0,1024,2348,43c77ec25f7df3aae48a0fbb2b22627ce3de887b470090a979033faff0b9efcd,e02424d6852ab0b3b4735e108e38964737fe277ff6515a5bf8307d10f5c72fc5,7638fb3744e7958ae66848c94240c6d5af0b68c9d66d021099bfa0e804bcb062
warm-75pct-hits,direct,1024,calibration,0,0,optimized,16,8192,235520,2056338432,0,0,8192,2188,43c77ec25f7df3aae48a0fbb2b22627ce3de887b470090a979033faff0b9efcd,17257bfd62f50b7dc8e86e0d7c40308ef2d006e01eafdd8fc835c7a33c9b6f09,34f33f24581367d056c3ef724323d95f69c11ff8a306b665aabddc3678e1886a
warm-75pct-hits,cached,1024,calibration,0,0,optimized,8,8192,235520,2056338432,6144,0,2048,2312,43c77ec25f7df3aae48a0fbb2b22627ce3de887b470090a979033faff0b9efcd,16085d9ef99652031a29777d6fe78a86afe4ade0a867c146e42dc695591a4a1d,a3f499bb747dae1784c542565cc1b56008363214b078d00446277cec6411a73c
warm-75pct-hits,direct,2048,calibration,0,0,optimized,32,16384,471040,2309126144,0,0,16384,2220,43c77ec25f7df3aae48a0fbb2b22627ce3de887b470090a979033faff0b9efcd,d4e0254dd5fdbdb9fb30b43084febb9662db50c29fe670b1a8949caa5e773971,0e45b1425ecd9e34adb68f941a380993047e0d1be183fab5972bd62ecadb6cef
warm-75pct-hits,cached,2048,calibration,0,0,optimized,17,16384,471040,2309126144,12288,0,4096,2316,43c77ec25f7df3aae48a0fbb2b22627ce3de887b470090a979033faff0b9efcd,a59818f66c26432dbaa9b48304b53768fe32b4c904244509e2201137b27e8296,6e12d9507a8c1e43798cc67f899ee25638b84c736ecd66ab47bdd607af6ff253
warm-75pct-hits,direct,4096,calibration,0,0,optimized,65,32768,942080,1699016704,0,0,32768,2216,43c77ec25f7df3aae48a0fbb2b22627ce3de887b470090a979033faff0b9efcd,f921830bc3cd8a424c0eb4642cb2acf534e29483a7e01e4c5d4eba479f63a161,d7b2d16e774257219bdcbc193846e86e85d13de6eb3355bf59e652f16d7afb14
warm-75pct-hits,cached,4096,calibration,0,0,optimized,34,32768,942080,1699016704,24576,0,8192,2380,43c77ec25f7df3aae48a0fbb2b22627ce3de887b470090a979033faff0b9efcd,67aee369d5e10d7c9aebc7a64f8adbe32fe264d3f95c3eb52532119fd35a3aa3,c4b360070e8b4997ad772b3435c3e1712462551f9bb5168b82df640ef1b39686
warm-75pct-hits,direct,8192,calibration,0,0,optimized,129,65536,1884160,311025664,0,0,65536,2184,43c77ec25f7df3aae48a0fbb2b22627ce3de887b470090a979033faff0b9efcd,18fd478609e8505399f5801ee58142e1666f1f1f2662f8c6351177641ed50394,bab66083645df8ff0fcdda94f5aa5bef3e24ec56d654d44bf8e3951829796138
warm-75pct-hits,cached,8192,calibration,0,0,optimized,69,65536,1884160,311025664,49152,0,16384,2388,43c77ec25f7df3aae48a0fbb2b22627ce3de887b470090a979033faff0b9efcd,4f263bb4b82f157999076aecd8fc1ca44ffa58d444d8cafd9d31db3ff774e079,3c61a6889ed0c1dff3cd3970ba7dc689917812aa3b6752cdee61bb9d8cb13302
warm-75pct-hits,direct,16384,calibration,0,0,optimized,256,131072,3768320,1158922240,0,0,131072,2236,43c77ec25f7df3aae48a0fbb2b22627ce3de887b470090a979033faff0b9efcd,2487d182b0bdae474f9054d1efa7d6abe3e59a05d0a016d531f8f96df1bf2db4,32a267e849eced68474941a71ed3b959441dd2e93b972b0ad525474c2f87ac9b
warm-75pct-hits,cached,16384,calibration,0,0,optimized,137,131072,3768320,1158922240,98304,0,32768,2344,43c77ec25f7df3aae48a0fbb2b22627ce3de887b470090a979033faff0b9efcd,329c3a682cc9265b1f161f5dc81b4d2aa6e0e18a27a566aa4366920bcb743c42,c6d0a6d547b5855e997e63b441f5fe9be01136520595143f15a254cca2e0c3e3
warm-75pct-hits,direct,32768,calibration,0,0,optimized,521,262144,7536640,170360832,0,0,262144,2256,43c77ec25f7df3aae48a0fbb2b22627ce3de887b470090a979033faff0b9efcd,4e6947b75c7b0e7e8f33aa0a6e3ba27ac1bd3744bcd90b1dae638cfdc0a6f7a0,51090fc017a3add69c2290cf23a43011f359580c360359e34d04c7c5e0b281bb
warm-75pct-hits,cached,32768,calibration,0,0,optimized,274,262144,7536640,170360832,196608,0,65536,2344,43c77ec25f7df3aae48a0fbb2b22627ce3de887b470090a979033faff0b9efcd,371bfb0a6bf6cb5c5d94fa1ebc3b0e5b13262796804dcedcc1e19bb67064bf2f,82b0c45aa73dd32feb4bd0511fccddd44bf77f2f23057bb202fad056ffc6dc76
warm-75pct-hits,direct,32768,measurement,0,0,optimized,512,262144,7536640,170360832,0,0,262144,2184,43c77ec25f7df3aae48a0fbb2b22627ce3de887b470090a979033faff0b9efcd,4e6947b75c7b0e7e8f33aa0a6e3ba27ac1bd3744bcd90b1dae638cfdc0a6f7a0,4ba24d243b637fa019686513230a395d238441ba986a2a849adca44f81442ec2
warm-75pct-hits,cached,32768,measurement,0,1,optimized,288,262144,7536640,170360832,196608,0,65536,2276,43c77ec25f7df3aae48a0fbb2b22627ce3de887b470090a979033faff0b9efcd,371bfb0a6bf6cb5c5d94fa1ebc3b0e5b13262796804dcedcc1e19bb67064bf2f,c82ee9d001b48e91d90fc8737e60ed4efcaf2a518975c4224a679b6fe40b8f69
warm-75pct-hits,cached,32768,measurement,1,0,optimized,276,262144,7536640,170360832,196608,0,65536,2384,43c77ec25f7df3aae48a0fbb2b22627ce3de887b470090a979033faff0b9efcd,371bfb0a6bf6cb5c5d94fa1ebc3b0e5b13262796804dcedcc1e19bb67064bf2f,47a763e7936b4fe02160b81803e490d546bf24604a84c7bc5e2f034ced5d228a
warm-75pct-hits,direct,32768,measurement,1,1,optimized,533,262144,7536640,170360832,0,0,262144,2224,43c77ec25f7df3aae48a0fbb2b22627ce3de887b470090a979033faff0b9efcd,4e6947b75c7b0e7e8f33aa0a6e3ba27ac1bd3744bcd90b1dae638cfdc0a6f7a0,ed49465168372f171e30dfdb7f77aa300adb8ce576239aed72926035ef8f184a
warm-75pct-hits,direct,32768,measurement,2,0,optimized,519,262144,7536640,170360832,0,0,262144,2184,43c77ec25f7df3aae48a0fbb2b22627ce3de887b470090a979033faff0b9efcd,4e6947b75c7b0e7e8f33aa0a6e3ba27ac1bd3744bcd90b1dae638cfdc0a6f7a0,8438a81377cc2ff77d35438e94aa3dbea366d9ec6aea441cb91437eca91f5014
warm-75pct-hits,cached,32768,measurement,2,1,optimized,277,262144,7536640,170360832,196608,0,65536,2304,43c77ec25f7df3aae48a0fbb2b22627ce3de887b470090a979033faff0b9efcd,371bfb0a6bf6cb5c5d94fa1ebc3b0e5b13262796804dcedcc1e19bb67064bf2f,121ad4c9e93a2d8ac655f99d846d4335f4fb7c50a123b578e8fc96171d062f3e
warm-75pct-hits,cached,32768,measurement,3,0,optimized,281,262144,7536640,170360832,196608,0,65536,2312,43c77ec25f7df3aae48a0fbb2b22627ce3de887b470090a979033faff0b9efcd,371bfb0a6bf6cb5c5d94fa1ebc3b0e5b13262796804dcedcc1e19bb67064bf2f,69d2718b55a121bc6eb8346567338ae7ec25cb09e7d2ff6933490a66bc109cd1
warm-75pct-hits,direct,32768,measurement,3,1,optimized,532,262144,7536640,170360832,0,0,262144,2184,43c77ec25f7df3aae48a0fbb2b22627ce3de887b470090a979033faff0b9efcd,4e6947b75c7b0e7e8f33aa0a6e3ba27ac1bd3744bcd90b1dae638cfdc0a6f7a0,83170aa5e9090d5119816e8b62b23447f520347244873350d8f187fb1e55a452
warm-75pct-hits,direct,32768,measurement,4,0,optimized,515,262144,7536640,170360832,0,0,262144,2236,43c77ec25f7df3aae48a0fbb2b22627ce3de887b470090a979033faff0b9efcd,4e6947b75c7b0e7e8f33aa0a6e3ba27ac1bd3744bcd90b1dae638cfdc0a6f7a0,5f6a2a40ef884cee651ac2b841be1d307959f1e298f6bb0384f150b10f1f6d4e
warm-75pct-hits,cached,32768,measurement,4,1,optimized,273,262144,7536640,170360832,196608,0,65536,2316,43c77ec25f7df3aae48a0fbb2b22627ce3de887b470090a979033faff0b9efcd,371bfb0a6bf6cb5c5d94fa1ebc3b0e5b13262796804dcedcc1e19bb67064bf2f,9c5cbe5f888571ae6c3009730947bc67721cf9f41ecd244e2c67061c447b4eb1
warm-75pct-hits,cached,32768,measurement,5,0,optimized,294,262144,7536640,170360832,196608,0,65536,2312,43c77ec25f7df3aae48a0fbb2b22627ce3de887b470090a979033faff0b9efcd,371bfb0a6bf6cb5c5d94fa1ebc3b0e5b13262796804dcedcc1e19bb67064bf2f,82d88f8aaf7740c366faa53a77ec25c89dcf425f736a44288716bff1abb71cd2
warm-75pct-hits,direct,32768,measurement,5,1,optimized,549,262144,7536640,170360832,0,0,262144,2204,43c77ec25f7df3aae48a0fbb2b22627ce3de887b470090a979033faff0b9efcd,4e6947b75c7b0e7e8f33aa0a6e3ba27ac1bd3744bcd90b1dae638cfdc0a6f7a0,dd34190517829540cbc0c88e077669aae419631732e1fb1424636864d38d93e5
warm-100pct-hits,direct,32,calibration,0,0,optimized,0,256,7360,979704288,0,0,256,2252,69e6825867261ec0c659012ac451057dce72b2b125c5ab8df6e23d0475af92ea,a4449e214b3903ccc280463d5ef361233ee3e421b9a4df67dfd4ce143df783c4,f109b282d62ecf9800374e1c0384f15582812b5514749b7bbda8ee5fb113ec07
warm-100pct-hits,cached,32,calibration,0,0,optimized,1,256,7360,979704288,256,0,0,2332,69e6825867261ec0c659012ac451057dce72b2b125c5ab8df6e23d0475af92ea,03439daf3f4a4fd33f322002a46f88b2546a9f8ddb91ca2d215631170087dd9a,8ff6c7308a5f48015de096ea2200b3c69c7b27622ec573275c65bf039aa1d0ed
warm-100pct-hits,direct,64,calibration,0,0,optimized,1,512,14720,3553579968,0,0,512,2216,69e6825867261ec0c659012ac451057dce72b2b125c5ab8df6e23d0475af92ea,566f2b863d77d63210253fb9e9b6c5749b7e3a99e844b082c43af994b1f079bc,55c9e51e61ba350ed716514f4fefa2e8c9238bd8bb3871879393f0ca1a8e8311
warm-100pct-hits,cached,64,calibration,0,0,optimized,1,512,14720,3553579968,512,0,0,2344,69e6825867261ec0c659012ac451057dce72b2b125c5ab8df6e23d0475af92ea,f01e07109d72bfdadc5188339bd65f7079be0ac2f84b758ad5cc363fa02f810c,0d7bb12b4f076ff5bde21c860b223c52430858469952324c46a9c9982a40cbf0
warm-100pct-hits,direct,128,calibration,0,0,optimized,2,1024,29440,2469603200,0,0,1024,2256,69e6825867261ec0c659012ac451057dce72b2b125c5ab8df6e23d0475af92ea,eaba69901ebf5628f9685a5ff3307c2b332401647c4f6d9ec372d62ce74f3b8d,7372a7805d4444fdb02250709daaa838f31f25f22c614cd397a9555294abc005
warm-100pct-hits,cached,128,calibration,0,0,optimized,0,1024,29440,2469603200,1024,0,0,2332,69e6825867261ec0c659012ac451057dce72b2b125c5ab8df6e23d0475af92ea,c3b24e60a2624ce5506d8c569367bb66cc8a751ab18d2b1e435044b30c239564,7e9354bdbe396b42cbcbd0af3e2230db58859d4f3d6a00cdc6ad3c3cdeab8c5b
warm-100pct-hits,direct,256,calibration,0,0,optimized,4,2048,58880,1354256128,0,0,2048,2216,69e6825867261ec0c659012ac451057dce72b2b125c5ab8df6e23d0475af92ea,6e682fcc2f5ff92e8c69cbee5476da7d380c3e2a22657b57174d380f24ed096b,a99d56b422142f806651ad635721191d33624d53c4f4ad8b74d47c642106d7bc
warm-100pct-hits,cached,256,calibration,0,0,optimized,1,2048,58880,1354256128,2048,0,0,2312,69e6825867261ec0c659012ac451057dce72b2b125c5ab8df6e23d0475af92ea,8f1020d6a92eba34409b7e06e1ca863ed1551ab1099cfd6858ba99fd1e60e356,60224df6d07d4d70c5ea13be4db1a26174188a89daee66396275af66a70b4eca
warm-100pct-hits,direct,512,calibration,0,0,optimized,8,4096,117760,716742144,0,0,4096,2184,69e6825867261ec0c659012ac451057dce72b2b125c5ab8df6e23d0475af92ea,e39b720779ecaef9eed4650fe4023368e1e7ccd5dff53057133287009b7c8694,ff70428105d49038580aafa55aeb5ee3b646cee6cc7bc52b99c8696a4f6e7fba
warm-100pct-hits,cached,512,calibration,0,0,optimized,3,4096,117760,716742144,4096,0,0,2352,69e6825867261ec0c659012ac451057dce72b2b125c5ab8df6e23d0475af92ea,bd384f922f22e8e70aa355585f93bd589e4f4b2ef92423c6e8ef1de74f3b6b6a,c56daf8d419242cdc2669b95ad82e9e863327a7ff33ada5f9a5b35d832639837
warm-100pct-hits,direct,1024,calibration,0,0,optimized,17,8192,235520,2056338432,0,0,8192,2184,69e6825867261ec0c659012ac451057dce72b2b125c5ab8df6e23d0475af92ea,606670978e0b6a8825ff0cca17c8e62d83476d912825190af1c701b25b77fab1,7d30a8e356d121ec073c06740ad8c78a7ee1338570ddc402aea258e54057dd1c
warm-100pct-hits,cached,1024,calibration,0,0,optimized,6,8192,235520,2056338432,8192,0,0,2388,69e6825867261ec0c659012ac451057dce72b2b125c5ab8df6e23d0475af92ea,71812213840141f4bb0a199a3a978cd654b019d7d2edbed5a237bcd735a7d925,774a709dd9f6398ef449aa909b70eeb716e2e110bb679a8781727187d7f509d7
warm-100pct-hits,direct,2048,calibration,0,0,optimized,32,16384,471040,2309126144,0,0,16384,2216,69e6825867261ec0c659012ac451057dce72b2b125c5ab8df6e23d0475af92ea,d6edb83d5da6f1a5c5e7f245249324af782d57f3747b23e48d82df99c7b1b554,0e45b1425ecd9e34adb68f941a380993047e0d1be183fab5972bd62ecadb6cef
warm-100pct-hits,cached,2048,calibration,0,0,optimized,11,16384,471040,2309126144,16384,0,0,2312,69e6825867261ec0c659012ac451057dce72b2b125c5ab8df6e23d0475af92ea,414e45caad9088c1f2e9225cfe423c55e036b56cc96620274fc46515b0abbea2,bb52477c40c435ad519dd7e9e675a57c0801c22fde2eaeb0a09203c0aae11c83
warm-100pct-hits,direct,4096,calibration,0,0,optimized,65,32768,942080,1699016704,0,0,32768,2220,69e6825867261ec0c659012ac451057dce72b2b125c5ab8df6e23d0475af92ea,3b23c273c65028aae48542e591d70921af5a51f24636730ff87682f38022591b,d7b2d16e774257219bdcbc193846e86e85d13de6eb3355bf59e652f16d7afb14
warm-100pct-hits,cached,4096,calibration,0,0,optimized,23,32768,942080,1699016704,32768,0,0,2352,69e6825867261ec0c659012ac451057dce72b2b125c5ab8df6e23d0475af92ea,b565d6c5a3a3e550e5ddaa786ff6af34036e6180656a2cb80d297fd45ff05afa,11ef896c9d07bea5aa56bf8e256d6a3e12212d455c1dbe50dd2aa4629eb32301
warm-100pct-hits,direct,8192,calibration,0,0,optimized,136,65536,1884160,311025664,0,0,65536,2236,69e6825867261ec0c659012ac451057dce72b2b125c5ab8df6e23d0475af92ea,961dd2de03fb683da4cd39e99dec3aee70446cbca8fb12d7f89d7dc9c30a8b7d,0b13e28ccce62a57cad99b4c598b690ac655dcfeceec64e51e1724f490bc7792
warm-100pct-hits,cached,8192,calibration,0,0,optimized,46,65536,1884160,311025664,65536,0,0,2336,69e6825867261ec0c659012ac451057dce72b2b125c5ab8df6e23d0475af92ea,42d63e8adc22df335e56da158b8f8bba1245fe41281fb388452538de0d3e5167,7897ffa57f1b34e533823ae7ed35db4d8618cee906efe593cad4ccbd8067f7fd
warm-100pct-hits,direct,16384,calibration,0,0,optimized,265,131072,3768320,1158922240,0,0,131072,2184,69e6825867261ec0c659012ac451057dce72b2b125c5ab8df6e23d0475af92ea,a403dfd8c4f5ade4b52a8b336cc2a244cad9d8cf8473464a88ee8dc9680cc4ad,f01f330638c161ae43cd5c94c775af9c0e4e2bf92a7c3849ab589920afdbc32d
warm-100pct-hits,cached,16384,calibration,0,0,optimized,95,131072,3768320,1158922240,131072,0,0,2312,69e6825867261ec0c659012ac451057dce72b2b125c5ab8df6e23d0475af92ea,e87a1eb3e9d93f0e95ab673d76859e5e88fcaf53ec0821192e136e3ff130da50,56f672ba15fd4d27ca943fc3018207a18d72e0e38831ddfda2ce874e340c1c37
warm-100pct-hits,direct,32768,calibration,0,0,optimized,543,262144,7536640,170360832,0,0,262144,2252,69e6825867261ec0c659012ac451057dce72b2b125c5ab8df6e23d0475af92ea,e24e2ccad181300ec5f2aeaf028975eb32ffd77f0cee88d909181ecdcab9f724,c15b20e2a345fab71f3d1d260b2bc77f394455ebcff8cf3d3dc444f4c03dbdc9
warm-100pct-hits,cached,32768,calibration,0,0,optimized,182,262144,7536640,170360832,262144,0,0,2344,69e6825867261ec0c659012ac451057dce72b2b125c5ab8df6e23d0475af92ea,ad8267bcdb257caf6585771fa148930ff31c71ca62e031d47b817eabfdaf69b2,370d37cf89c6cc418659fe66cbe5343d64a4dded3b9f75273f8fb49e856030a0
warm-100pct-hits,direct,32768,measurement,0,0,optimized,565,262144,7536640,170360832,0,0,262144,2228,69e6825867261ec0c659012ac451057dce72b2b125c5ab8df6e23d0475af92ea,e24e2ccad181300ec5f2aeaf028975eb32ffd77f0cee88d909181ecdcab9f724,f6bedade64d8e9c96c147f3cc098ad5871b6d6afdbfe182a5fe25a9ab275fdc6
warm-100pct-hits,cached,32768,measurement,0,1,optimized,187,262144,7536640,170360832,262144,0,0,2364,69e6825867261ec0c659012ac451057dce72b2b125c5ab8df6e23d0475af92ea,ad8267bcdb257caf6585771fa148930ff31c71ca62e031d47b817eabfdaf69b2,0550187f1c228e0be84dca1ad4ae62c137858abc7ff916da151400c9576a9304
warm-100pct-hits,cached,32768,measurement,1,0,optimized,189,262144,7536640,170360832,262144,0,0,2380,69e6825867261ec0c659012ac451057dce72b2b125c5ab8df6e23d0475af92ea,ad8267bcdb257caf6585771fa148930ff31c71ca62e031d47b817eabfdaf69b2,243e585fad9e6ed3a182cda0e4453cb47e782578b2b950491f2a313cd6eedb2e
warm-100pct-hits,direct,32768,measurement,1,1,optimized,535,262144,7536640,170360832,0,0,262144,2244,69e6825867261ec0c659012ac451057dce72b2b125c5ab8df6e23d0475af92ea,e24e2ccad181300ec5f2aeaf028975eb32ffd77f0cee88d909181ecdcab9f724,7ab49cc12a7e9102aa99d7b7df8abd338ef03dd9338bc86f2fbfda67b080fb45
warm-100pct-hits,direct,32768,measurement,2,0,optimized,515,262144,7536640,170360832,0,0,262144,2184,69e6825867261ec0c659012ac451057dce72b2b125c5ab8df6e23d0475af92ea,e24e2ccad181300ec5f2aeaf028975eb32ffd77f0cee88d909181ecdcab9f724,5f6a2a40ef884cee651ac2b841be1d307959f1e298f6bb0384f150b10f1f6d4e
warm-100pct-hits,cached,32768,measurement,2,1,optimized,181,262144,7536640,170360832,262144,0,0,2316,69e6825867261ec0c659012ac451057dce72b2b125c5ab8df6e23d0475af92ea,ad8267bcdb257caf6585771fa148930ff31c71ca62e031d47b817eabfdaf69b2,37126f36a3c04a7828daadd7c0165b30885840318e1723ccb47bcc1d37166fda
warm-100pct-hits,cached,32768,measurement,3,0,optimized,184,262144,7536640,170360832,262144,0,0,2372,69e6825867261ec0c659012ac451057dce72b2b125c5ab8df6e23d0475af92ea,ad8267bcdb257caf6585771fa148930ff31c71ca62e031d47b817eabfdaf69b2,6d8b5b3ca90788402628ad9a9d193402ecf32434ddcd2d736758e2bf6eebc3a7
warm-100pct-hits,direct,32768,measurement,3,1,optimized,511,262144,7536640,170360832,0,0,262144,2236,69e6825867261ec0c659012ac451057dce72b2b125c5ab8df6e23d0475af92ea,e24e2ccad181300ec5f2aeaf028975eb32ffd77f0cee88d909181ecdcab9f724,dfda358e35c3770a410827bc45b6d60348cc565f0e5495d2899be6a283f4e43d
warm-100pct-hits,direct,32768,measurement,4,0,optimized,549,262144,7536640,170360832,0,0,262144,2236,69e6825867261ec0c659012ac451057dce72b2b125c5ab8df6e23d0475af92ea,e24e2ccad181300ec5f2aeaf028975eb32ffd77f0cee88d909181ecdcab9f724,dd34190517829540cbc0c88e077669aae419631732e1fb1424636864d38d93e5
warm-100pct-hits,cached,32768,measurement,4,1,optimized,180,262144,7536640,170360832,262144,0,0,2344,69e6825867261ec0c659012ac451057dce72b2b125c5ab8df6e23d0475af92ea,ad8267bcdb257caf6585771fa148930ff31c71ca62e031d47b817eabfdaf69b2,23b592e396e6dc94f132346783a606b31cac7ca01d56e83cc2d02c4d8bca6dc3
warm-100pct-hits,cached,32768,measurement,5,0,optimized,184,262144,7536640,170360832,262144,0,0,2372,69e6825867261ec0c659012ac451057dce72b2b125c5ab8df6e23d0475af92ea,ad8267bcdb257caf6585771fa148930ff31c71ca62e031d47b817eabfdaf69b2,6d8b5b3ca90788402628ad9a9d193402ecf32434ddcd2d736758e2bf6eebc3a7
warm-100pct-hits,direct,32768,measurement,5,1,optimized,510,262144,7536640,170360832,0,0,262144,2184,69e6825867261ec0c659012ac451057dce72b2b125c5ab8df6e23d0475af92ea,e24e2ccad181300ec5f2aeaf028975eb32ffd77f0cee88d909181ecdcab9f724,2a373f0e19503d56ec25f8cb23f6d07fef083e6117758e13713badb0e9a2d632
cold-eight-once,direct,32,calibration,0,0,optimized,1,256,7360,979704288,0,0,256,2228,f67165d7128ad13b832a3b9c9100e1ea34d4e84bc7bab7bc8e03d282355d18da,0c72d885ee491f7fd469e6271397d97b3f88796e3c1348e030b3b5f10ac0b18d,ce359ba30ce3ab24eec58c775d7afdcc814cf92be6ccf064215b9d22c133d00e
cold-eight-once,cached,32,calibration,0,0,optimized,1,256,7360,979704288,0,256,0,2188,f67165d7128ad13b832a3b9c9100e1ea34d4e84bc7bab7bc8e03d282355d18da,bb5a55e8643e5046b63352eaea136c5295b6cc955aa1f7986a4d1d45fef9bc34,aac5a2125cec28eb2987ff1f120c0a346ae505321b4bdbb5033bd737d956605d
cold-eight-once,direct,64,calibration,0,0,optimized,1,512,14720,3553579968,0,0,512,2236,f67165d7128ad13b832a3b9c9100e1ea34d4e84bc7bab7bc8e03d282355d18da,02c1d22122905cb7a8dff919bd5f86a23e63eae1c32577478510026940b2f777,1b248e6042ca14ef25121444d79181ef85a744f0f2d48c9d07a16a7735fed364
cold-eight-once,cached,64,calibration,0,0,optimized,2,512,14720,3553579968,0,512,0,2216,f67165d7128ad13b832a3b9c9100e1ea34d4e84bc7bab7bc8e03d282355d18da,af6628182b2c204c56cd806bd9011847349b013fd567ede67f771fc3396df207,627dedcb21df246e54c8dd74fd9c5937346e465ddd8579de111cb9bdf688a999
cold-eight-once,direct,128,calibration,0,0,optimized,2,1024,29440,2469603200,0,0,1024,2188,f67165d7128ad13b832a3b9c9100e1ea34d4e84bc7bab7bc8e03d282355d18da,8dab32df0237ca62c61d2d3ce291dfeb4207824e3ee80b7a4861927969a32291,763d9f6b7365efd4f3d43f104b8191712d65a43249fd59f566d3d70aa4bd62e3
cold-eight-once,cached,128,calibration,0,0,optimized,3,1024,29440,2469603200,0,1024,0,2188,f67165d7128ad13b832a3b9c9100e1ea34d4e84bc7bab7bc8e03d282355d18da,e8a95e5ae31475e8890d5cd403ea659b305f38da301ffaba91c85ae450564a6a,35cebe0f9c9df46411b75d6c96ed50b2be241a9ceea457614086ceeb96ce0de6
cold-eight-once,direct,256,calibration,0,0,optimized,4,2048,58880,1354256128,0,0,2048,2260,f67165d7128ad13b832a3b9c9100e1ea34d4e84bc7bab7bc8e03d282355d18da,0da437f5ca81bc10e9500eb4c1950d94d556700e01bc1a76551ac875847f628f,60c7e2f1e80746e614809e62d41d89204a574ba5da87e11f6f48928ee16923c6
cold-eight-once,cached,256,calibration,0,0,optimized,7,2048,58880,1354256128,0,2048,0,2204,f67165d7128ad13b832a3b9c9100e1ea34d4e84bc7bab7bc8e03d282355d18da,7bc8c4cbcfe12a6ebde95aa84ac5c25720857e567668ef564786a7ad489b5212,2001646109bceec4756b95b387184758079347cdaabde56818303e8cd51688a7
cold-eight-once,direct,512,calibration,0,0,optimized,8,4096,117760,716742144,0,0,4096,2184,f67165d7128ad13b832a3b9c9100e1ea34d4e84bc7bab7bc8e03d282355d18da,6218e8e8b3115655787c24399962789326131d6ab32c6c8525796683bfbc2d2c,8de66245ec9e400417f6dd7e609d3fbe9746b48af17737516e13ed0001e0cc69
cold-eight-once,cached,512,calibration,0,0,optimized,15,4096,117760,716742144,0,4096,0,2204,f67165d7128ad13b832a3b9c9100e1ea34d4e84bc7bab7bc8e03d282355d18da,e5d658e73e7616fc1cb6d88383b70157e187242ccdadecc997a6d656f0e8b96b,52d54d8a4e9c0490e1d17f7a355199bba8e892f8da36abdb2922c58a11623743
cold-eight-once,direct,1024,calibration,0,0,optimized,17,8192,235520,2056338432,0,0,8192,2216,f67165d7128ad13b832a3b9c9100e1ea34d4e84bc7bab7bc8e03d282355d18da,92213c5a9785c3b080c5df3eea7bbf3f0c3d72a54bbd27d9d9f365dd6e4c7e5c,3b84f8e57512ee7e734ce02276fdb730b0b8c2b8aa75cc85c9d5cf83b94647dd
cold-eight-once,cached,1024,calibration,0,0,optimized,29,8192,235520,2056338432,0,8192,0,2256,f67165d7128ad13b832a3b9c9100e1ea34d4e84bc7bab7bc8e03d282355d18da,1e81a9cb81e13e354c59b1f4a40842555db332c68bef70a56eade79eb64c3db6,2be2ab484e368714d754c6d51cbc2b273c3bff6bfd0f86fb3c9eb02873eed78f
cold-eight-once,direct,2048,calibration,0,0,optimized,31,16384,471040,2309126144,0,0,16384,2236,f67165d7128ad13b832a3b9c9100e1ea34d4e84bc7bab7bc8e03d282355d18da,7bb3cc0968f13284de4be3a2ba61fb550b1cde922df2f6d02314b225705f4dc1,0d6c38139bed75bd941a99ab2320de847e03e2ef384a2d03c0fb6d082771dd91
cold-eight-once,cached,2048,calibration,0,0,optimized,57,16384,471040,2309126144,0,16384,0,2220,f67165d7128ad13b832a3b9c9100e1ea34d4e84bc7bab7bc8e03d282355d18da,00c124b4e32317e3468c0318e1adde063da267836b950bc9520b7b1b2d7eae1f,c482f0bbb788c981379c185e3d32360a042cda1aff6cef42eca07b41072166cd
cold-eight-once,direct,4096,calibration,0,0,optimized,64,32768,942080,1699016704,0,0,32768,2208,f67165d7128ad13b832a3b9c9100e1ea34d4e84bc7bab7bc8e03d282355d18da,8c900842f6ef5c37371cf748df1ac285d628a10a591a651870695f8b6cb297f7,d4fcfebb51b6f02459abfab627f65b31de9a545c4e8b54ec721162dcbe364684
cold-eight-once,cached,4096,calibration,0,0,optimized,116,32768,942080,1699016704,0,32768,0,2260,f67165d7128ad13b832a3b9c9100e1ea34d4e84bc7bab7bc8e03d282355d18da,53286a8744c1ded8ca2b82046cfa6882fd7d56325348e8374a48904263845aaa,eb8e319630d4772e6e1f61712a624a03d1c9f5fd4ade3b6393d965dd1a6ebc27
cold-eight-once,direct,8192,calibration,0,0,optimized,128,65536,1884160,311025664,0,0,65536,2228,f67165d7128ad13b832a3b9c9100e1ea34d4e84bc7bab7bc8e03d282355d18da,85f96662f3d0349ef5aaa01e9bcea4712e8a5c0603ad206613b464201fac9dc2,21fd5e65150ec1e7b0ebb8bb46a450efd7a8cb778ba2ee231093f03822872798
cold-eight-once,cached,8192,calibration,0,0,optimized,235,65536,1884160,311025664,0,65536,0,2208,f67165d7128ad13b832a3b9c9100e1ea34d4e84bc7bab7bc8e03d282355d18da,9868c027effbf9d0a1c80d825aa08368ed3d9347102403658a088c8423fa0dea,42244266343d2b2ac7084630b1719e51c0b3e76aa20d345cac64eaff400331ad
cold-eight-once,direct,16384,calibration,0,0,optimized,256,131072,3768320,1158922240,0,0,131072,2188,f67165d7128ad13b832a3b9c9100e1ea34d4e84bc7bab7bc8e03d282355d18da,a2fdc9eddfa1ad0cb0ac28c7e0c66a8a4a2a343e5cee89490588dd8bd0f191f5,e20fadcd9150312ac670026b36d50b683e0d0ed4a4b9b7ab05677db1aeca3287
cold-eight-once,cached,16384,calibration,0,0,optimized,480,131072,3768320,1158922240,0,131072,0,2188,f67165d7128ad13b832a3b9c9100e1ea34d4e84bc7bab7bc8e03d282355d18da,1b798b10565345b9fee4c1aff5ef53881e0f40f6996842942ebab1bff7b160c3,46be009bf94890fe01b70a55d12e6463786ac207188abfd3693b2a93dc3ca3d6
cold-eight-once,direct,16384,measurement,0,0,optimized,270,131072,3768320,1158922240,0,0,131072,2188,f67165d7128ad13b832a3b9c9100e1ea34d4e84bc7bab7bc8e03d282355d18da,a2fdc9eddfa1ad0cb0ac28c7e0c66a8a4a2a343e5cee89490588dd8bd0f191f5,c67ac5989e903dce4e7df2004694308923160f2a4268eab1f29fe1079bba794d
cold-eight-once,cached,16384,measurement,0,1,optimized,454,131072,3768320,1158922240,0,131072,0,2208,f67165d7128ad13b832a3b9c9100e1ea34d4e84bc7bab7bc8e03d282355d18da,1b798b10565345b9fee4c1aff5ef53881e0f40f6996842942ebab1bff7b160c3,bfa56779f85aecbe445c59cb14d740b2ffe6f6da417c21aac99069de7c360527
cold-eight-once,cached,16384,measurement,1,0,optimized,485,131072,3768320,1158922240,0,131072,0,2204,f67165d7128ad13b832a3b9c9100e1ea34d4e84bc7bab7bc8e03d282355d18da,1b798b10565345b9fee4c1aff5ef53881e0f40f6996842942ebab1bff7b160c3,dd4222052896e3ab16f1c194612023d97ef7f0772eee85b814f517ce57478b0b
cold-eight-once,direct,16384,measurement,1,1,optimized,252,131072,3768320,1158922240,0,0,131072,2224,f67165d7128ad13b832a3b9c9100e1ea34d4e84bc7bab7bc8e03d282355d18da,a2fdc9eddfa1ad0cb0ac28c7e0c66a8a4a2a343e5cee89490588dd8bd0f191f5,e9f49d9a080d50381a98e6792e5e00fa345eeb8272cae1490e0dcfeb1b56d57d
cold-eight-once,direct,16384,measurement,2,0,optimized,256,131072,3768320,1158922240,0,0,131072,2204,f67165d7128ad13b832a3b9c9100e1ea34d4e84bc7bab7bc8e03d282355d18da,a2fdc9eddfa1ad0cb0ac28c7e0c66a8a4a2a343e5cee89490588dd8bd0f191f5,e20fadcd9150312ac670026b36d50b683e0d0ed4a4b9b7ab05677db1aeca3287
cold-eight-once,cached,16384,measurement,2,1,optimized,475,131072,3768320,1158922240,0,131072,0,2228,f67165d7128ad13b832a3b9c9100e1ea34d4e84bc7bab7bc8e03d282355d18da,1b798b10565345b9fee4c1aff5ef53881e0f40f6996842942ebab1bff7b160c3,049b8605037d88b917f6bae2e54c77613ade1969ec0de9151da275d5e5c8ce6f
cold-eight-once,cached,16384,measurement,3,0,optimized,472,131072,3768320,1158922240,0,131072,0,2208,f67165d7128ad13b832a3b9c9100e1ea34d4e84bc7bab7bc8e03d282355d18da,1b798b10565345b9fee4c1aff5ef53881e0f40f6996842942ebab1bff7b160c3,2e9ec8162ecb53af98c67160674e4cde55e81b01202b4d0e49e402d30bf6aa40
cold-eight-once,direct,16384,measurement,3,1,optimized,253,131072,3768320,1158922240,0,0,131072,2220,f67165d7128ad13b832a3b9c9100e1ea34d4e84bc7bab7bc8e03d282355d18da,a2fdc9eddfa1ad0cb0ac28c7e0c66a8a4a2a343e5cee89490588dd8bd0f191f5,5a1623ae7c8d61e434cc0bd6e5774a33567027a5f94387d2994555f771c58c73
cold-eight-once,direct,16384,measurement,4,0,optimized,265,131072,3768320,1158922240,0,0,131072,2260,f67165d7128ad13b832a3b9c9100e1ea34d4e84bc7bab7bc8e03d282355d18da,a2fdc9eddfa1ad0cb0ac28c7e0c66a8a4a2a343e5cee89490588dd8bd0f191f5,a89d933021604d5585c6d841a144af74aa7a9745f6114777b59205618a849350
cold-eight-once,cached,16384,measurement,4,1,optimized,478,131072,3768320,1158922240,0,131072,0,2236,f67165d7128ad13b832a3b9c9100e1ea34d4e84bc7bab7bc8e03d282355d18da,1b798b10565345b9fee4c1aff5ef53881e0f40f6996842942ebab1bff7b160c3,5a658b526cc6ae6a655be4b7565a54f33982faf230190809f8e861d441da1d26
cold-eight-once,cached,16384,measurement,5,0,optimized,529,131072,3768320,1158922240,0,131072,0,2208,f67165d7128ad13b832a3b9c9100e1ea34d4e84bc7bab7bc8e03d282355d18da,1b798b10565345b9fee4c1aff5ef53881e0f40f6996842942ebab1bff7b160c3,ca40e7d357da74315f6c38b9b59237406cb98e0e6eb0f8af8ceb66000b0e69e1
cold-eight-once,direct,16384,measurement,5,1,optimized,258,131072,3768320,1158922240,0,0,131072,2184,f67165d7128ad13b832a3b9c9100e1ea34d4e84bc7bab7bc8e03d282355d18da,a2fdc9eddfa1ad0cb0ac28c7e0c66a8a4a2a343e5cee89490588dd8bd0f191f5,3577aaa4a5a18626a08b46c3c214a37bc3ddc53775bf8d3b77769bc2c08ba9d8
warm-eight-large-arena,direct,32,calibration,0,0,optimized,0,256,7360,979704288,0,0,256,2184,9c958f553c45695ea4a1e1bb6fceb1beb0a69cb59000e3b954b1740a4f930d60,130c7cb062ab0a3b47caf7ecde7a7c3a915f2424a6308d4a48588e83032ba30c,d139a0d9c03e4f263befb7e6cbd63696575f4a250814cf25449cdb9636da91b5
warm-eight-large-arena,cached,32,calibration,0,0,optimized,0,256,7360,979704288,256,0,0,7580,9c958f553c45695ea4a1e1bb6fceb1beb0a69cb59000e3b954b1740a4f930d60,debc13e948a462b82ab306d47b656e2a5dd1ff84da2c44f00dd1e281116dde88,ade81c158f8e959d483011ebc376d3098f122a706bd5b89c577f1c40af02a8f9
warm-eight-large-arena,direct,64,calibration,0,0,optimized,1,512,14720,3553579968,0,0,512,2236,9c958f553c45695ea4a1e1bb6fceb1beb0a69cb59000e3b954b1740a4f930d60,1fd7a7468cbfd831511796f267ddc30f2123231000b634326158f93300ec4993,2902276b42c830d18717635f9c010aff863d0abd9e55e2912fbba439b9fad5f0
warm-eight-large-arena,cached,64,calibration,0,0,optimized,0,512,14720,3553579968,512,0,0,7564,9c958f553c45695ea4a1e1bb6fceb1beb0a69cb59000e3b954b1740a4f930d60,a255558b38b1d2dae7d61072aae15fcb5648bcc5a940f6b47088d313c55bddc6,0fd4b045d25f33595961743a3924f5c3b9602a742599314e88b2f187d7c7e0e8
warm-eight-large-arena,direct,128,calibration,0,0,optimized,2,1024,29440,2469603200,0,0,1024,2212,9c958f553c45695ea4a1e1bb6fceb1beb0a69cb59000e3b954b1740a4f930d60,2319bd50aa301c7e70a4bc310ccffb0855aa60cf1019066ebec0e3cc26d67ed4,b417a9870567af8f7269e8f2d0a31644b95bd48415b08505676788b6337affef
warm-eight-large-arena,cached,128,calibration,0,0,optimized,1,1024,29440,2469603200,1024,0,0,7580,9c958f553c45695ea4a1e1bb6fceb1beb0a69cb59000e3b954b1740a4f930d60,490d101f164f0e8bc346747f81259802092e60582ecc743b317c348c832b22bf,cb82327c1878bb73869ddab8b5b23508440e4a7d689a3739f259249ca33f52cb
warm-eight-large-arena,direct,256,calibration,0,0,optimized,4,2048,58880,1354256128,0,0,2048,2252,9c958f553c45695ea4a1e1bb6fceb1beb0a69cb59000e3b954b1740a4f930d60,7522a9b13039cc7d8b40cb5caa0c9a5b6f5839d1ccc89bf8794bb4a440095728,b7637a3382c694d01f22fec5793476d3f13af80cf2b356b8eb883236394afd11
warm-eight-large-arena,cached,256,calibration,0,0,optimized,1,2048,58880,1354256128,2048,0,0,7612,9c958f553c45695ea4a1e1bb6fceb1beb0a69cb59000e3b954b1740a4f930d60,32be29ac4353d11a93b0ee93d74eb979f1b22aa1d739bef4e1113858a2698add,20d789e1dc2d4703bc63bdcfd9b44cbba4ae055d5555f47e5faab4aff4cfb7fa
warm-eight-large-arena,direct,512,calibration,0,0,optimized,9,4096,117760,716742144,0,0,4096,2268,9c958f553c45695ea4a1e1bb6fceb1beb0a69cb59000e3b954b1740a4f930d60,6c7646909f72a09e2b030c7f9ba18417c38990c79203c0de646a09b33bfa5842,e7db4d160d72bb2dcb1b72d1fe36b2d128f84a633de4b7bd75e380c5ee608816
warm-eight-large-arena,cached,512,calibration,0,0,optimized,3,4096,117760,716742144,4096,0,0,7564,9c958f553c45695ea4a1e1bb6fceb1beb0a69cb59000e3b954b1740a4f930d60,132d15758ce99b9c10bad7f15e5b03699cf720a68df3e40139cd832f543c9e41,85177731f084f5ff935ceec5f764ba60bcfa7a1efe62436734b306d44ed53f83
warm-eight-large-arena,direct,1024,calibration,0,0,optimized,16,8192,235520,2056338432,0,0,8192,2184,9c958f553c45695ea4a1e1bb6fceb1beb0a69cb59000e3b954b1740a4f930d60,c4318a136c80b3dffb9e47bd46d54ea24406046276a3a89509e544b80320dea2,83a43441eb6203f65a0bb61a2e39363ebcc275046d14ddf0132523aff63e4132
warm-eight-large-arena,cached,1024,calibration,0,0,optimized,5,8192,235520,2056338432,8192,0,0,7612,9c958f553c45695ea4a1e1bb6fceb1beb0a69cb59000e3b954b1740a4f930d60,2fc6ee5e18b06f346f2cdf7ebacd85b6b97a0aee0c577c0aa927b42d936d27eb,85ee4bde8d856431e7e1ee5bfbe9558fb7c479455b27d13c576ae5c497c2ce7f
warm-eight-large-arena,direct,2048,calibration,0,0,optimized,32,16384,471040,2309126144,0,0,16384,2216,9c958f553c45695ea4a1e1bb6fceb1beb0a69cb59000e3b954b1740a4f930d60,e4dfaba049be99b4dd52197cf46010faf8156f65da04b7f9385d870b847d7203,926cfff5ed83b641d77d0f37bc69506deb53e422d3816ed782112227db1f04d7
warm-eight-large-arena,cached,2048,calibration,0,0,optimized,11,16384,471040,2309126144,16384,0,0,7604,9c958f553c45695ea4a1e1bb6fceb1beb0a69cb59000e3b954b1740a4f930d60,f8875ee587f0c79330da6f01c130c077a6a1fe2266554a590e574c6da9720a0c,772a039c6ac6afa32cd65fd6505ea734d7656995193053ec172f61b85f2cec55
warm-eight-large-arena,direct,4096,calibration,0,0,optimized,65,32768,942080,1699016704,0,0,32768,2208,9c958f553c45695ea4a1e1bb6fceb1beb0a69cb59000e3b954b1740a4f930d60,dd4ed7aeb5c6a959bd15b03e0caf623399a1a8af0c62422633606a57610f97f6,e2081cc9d0b0817228d507f61c8caf7378b139726278fe71f816a1ce1d2fda27
warm-eight-large-arena,cached,4096,calibration,0,0,optimized,22,32768,942080,1699016704,32768,0,0,7560,9c958f553c45695ea4a1e1bb6fceb1beb0a69cb59000e3b954b1740a4f930d60,933f16379345f80ba520ff3ebae8efa9fc60070d9c424c965811b04625f6c728,4bc88fd20a77a27cd9a87b1454417e8c5a7f35a78be119fbcd19f373784cf855
warm-eight-large-arena,direct,8192,calibration,0,0,optimized,134,65536,1884160,311025664,0,0,65536,2224,9c958f553c45695ea4a1e1bb6fceb1beb0a69cb59000e3b954b1740a4f930d60,300bf69fd5904789229b9df068ceaab90c4d79b745f6f8dd4de3262efc1dd782,ddfc3bcddcfaeb5f8fa2ad5a8a847c9deaf8a5901c017e53f25577931a0f689b
warm-eight-large-arena,cached,8192,calibration,0,0,optimized,45,65536,1884160,311025664,65536,0,0,7612,9c958f553c45695ea4a1e1bb6fceb1beb0a69cb59000e3b954b1740a4f930d60,1a10d834be22eab97a7edcc513a2ace4d3aaea08bc231f5dafc85a0ec9e959f3,feb620924511311abbf6f1e5428634cb663e7cb88c70925d50569ba825248f4b
warm-eight-large-arena,direct,16384,calibration,0,0,optimized,255,131072,3768320,1158922240,0,0,131072,2184,9c958f553c45695ea4a1e1bb6fceb1beb0a69cb59000e3b954b1740a4f930d60,527039a38175a68a79934df438cc1274c8981f6f3cc145e9ea1c3550c4148585,2d67a2453691f2bd218ec375ceb9ba244309380de8530f1516cbcc57b04783f9
warm-eight-large-arena,cached,16384,calibration,0,0,optimized,89,131072,3768320,1158922240,131072,0,0,7560,9c958f553c45695ea4a1e1bb6fceb1beb0a69cb59000e3b954b1740a4f930d60,6ad3fa61b082c4d7908bd9e5d40c3cc260fc7f94eab8a46c5d0b7061012f4dac,a9bf1c004ef74e538a68ec417929a2812b7a378f4b14fbe944a77ab10f32bb68
warm-eight-large-arena,direct,32768,calibration,0,0,optimized,510,262144,7536640,170360832,0,0,262144,2228,9c958f553c45695ea4a1e1bb6fceb1beb0a69cb59000e3b954b1740a4f930d60,74b5b490ea86de63a611a95dcbb8a596a73335f5304c9d8de3da1a40ea3406e7,22b86c43108abde1dc65ff0cef1d464c2320d59ebc3c07804bf314602ecd12e2
warm-eight-large-arena,cached,32768,calibration,0,0,optimized,205,262144,7536640,170360832,262144,0,0,7600,9c958f553c45695ea4a1e1bb6fceb1beb0a69cb59000e3b954b1740a4f930d60,8adb9b9dd9ef8836b52afee5f5865db2d971f5db38fcfed3721c522e1422dad5,f7a0461f26a612439a560c7bd5e6de4cfb68fc72e1239427156e1130d8972304
warm-eight-large-arena,direct,32768,measurement,0,0,optimized,532,262144,7536640,170360832,0,0,262144,2244,9c958f553c45695ea4a1e1bb6fceb1beb0a69cb59000e3b954b1740a4f930d60,74b5b490ea86de63a611a95dcbb8a596a73335f5304c9d8de3da1a40ea3406e7,ee9f3e5b1a4862a262ac3e07c2c4e106dbe9cef60125dc07cab3e11c66919731
warm-eight-large-arena,cached,32768,measurement,0,1,optimized,189,262144,7536640,170360832,262144,0,0,7596,9c958f553c45695ea4a1e1bb6fceb1beb0a69cb59000e3b954b1740a4f930d60,8adb9b9dd9ef8836b52afee5f5865db2d971f5db38fcfed3721c522e1422dad5,fbf51db6f25ec8b8336b45b7460fac22127789d582e33ea48cc52d8049007eb3
warm-eight-large-arena,cached,32768,measurement,1,0,optimized,182,262144,7536640,170360832,262144,0,0,7604,9c958f553c45695ea4a1e1bb6fceb1beb0a69cb59000e3b954b1740a4f930d60,8adb9b9dd9ef8836b52afee5f5865db2d971f5db38fcfed3721c522e1422dad5,ec2434aae8a1e5fc11d99cdcd017e20ac14b3e6d12a622d5bdf6e5788e2aa15b
warm-eight-large-arena,direct,32768,measurement,1,1,optimized,526,262144,7536640,170360832,0,0,262144,2224,9c958f553c45695ea4a1e1bb6fceb1beb0a69cb59000e3b954b1740a4f930d60,74b5b490ea86de63a611a95dcbb8a596a73335f5304c9d8de3da1a40ea3406e7,98b58a85910b031a096b441eb1fb560613d22bf9bdf806e26e11e6599fd666d2
warm-eight-large-arena,direct,32768,measurement,2,0,optimized,506,262144,7536640,170360832,0,0,262144,2220,9c958f553c45695ea4a1e1bb6fceb1beb0a69cb59000e3b954b1740a4f930d60,74b5b490ea86de63a611a95dcbb8a596a73335f5304c9d8de3da1a40ea3406e7,7c309254d20eae90813b0daed157228048d86d0a350edf5c3737e6439413eff0
warm-eight-large-arena,cached,32768,measurement,2,1,optimized,177,262144,7536640,170360832,262144,0,0,7600,9c958f553c45695ea4a1e1bb6fceb1beb0a69cb59000e3b954b1740a4f930d60,8adb9b9dd9ef8836b52afee5f5865db2d971f5db38fcfed3721c522e1422dad5,3dab4c9b7f5975dce21e9df660d6923b22a0ad7ed4dc91d1cec04b21686a85d0
warm-eight-large-arena,cached,32768,measurement,3,0,optimized,179,262144,7536640,170360832,262144,0,0,7580,9c958f553c45695ea4a1e1bb6fceb1beb0a69cb59000e3b954b1740a4f930d60,8adb9b9dd9ef8836b52afee5f5865db2d971f5db38fcfed3721c522e1422dad5,bc17c79b5d7d40e13e5b4f9b33a58ff571919bad8dcb872f8fb7e4897a87640c
warm-eight-large-arena,direct,32768,measurement,3,1,optimized,507,262144,7536640,170360832,0,0,262144,2184,9c958f553c45695ea4a1e1bb6fceb1beb0a69cb59000e3b954b1740a4f930d60,74b5b490ea86de63a611a95dcbb8a596a73335f5304c9d8de3da1a40ea3406e7,e9a675b06389ac9685a82e5eac85b59f52ac0a92b1c461705157ca5021871d71
warm-eight-large-arena,direct,32768,measurement,4,0,optimized,547,262144,7536640,170360832,0,0,262144,2228,9c958f553c45695ea4a1e1bb6fceb1beb0a69cb59000e3b954b1740a4f930d60,74b5b490ea86de63a611a95dcbb8a596a73335f5304c9d8de3da1a40ea3406e7,a0452cbc1d899786f96cbd7601e3c1d86a7d1ba75352fa413766930a7912995a
warm-eight-large-arena,cached,32768,measurement,4,1,optimized,183,262144,7536640,170360832,262144,0,0,7596,9c958f553c45695ea4a1e1bb6fceb1beb0a69cb59000e3b954b1740a4f930d60,8adb9b9dd9ef8836b52afee5f5865db2d971f5db38fcfed3721c522e1422dad5,d5283c354120fab9aef282e02312827b92ecbeed4d077480773032a365902ced
warm-eight-large-arena,cached,32768,measurement,5,0,optimized,180,262144,7536640,170360832,262144,0,0,7628,9c958f553c45695ea4a1e1bb6fceb1beb0a69cb59000e3b954b1740a4f930d60,8adb9b9dd9ef8836b52afee5f5865db2d971f5db38fcfed3721c522e1422dad5,4bdedf4d996c7e70fbfd4bf2bea8bbbcbe84bca569dab4eae899b8868fb3ca2f
warm-eight-large-arena,direct,32768,measurement,5,1,optimized,523,262144,7536640,170360832,0,0,262144,2220,9c958f553c45695ea4a1e1bb6fceb1beb0a69cb59000e3b954b1740a4f930d60,74b5b490ea86de63a611a95dcbb8a596a73335f5304c9d8de3da1a40ea3406e7,dafa4b7edb283f851f81d4cafb3ce0ad5f5d3fcac3e59e31da0c428190886b99
warm-empty-move-list,direct,32,calibration,0,0,optimized,0,32,0,1321205760,0,0,32,2148,d288dcc704ab51f437c213ba6069aeba7da3d60473e39dd6a2908e1df8161f09,cbc8c7bc27ce9cf1ee6f2cb1a70a880981590631af8a84a2b3ea0ace071a0a2a,c72b4d8703d265ac8d2ba0160e1920eb57411a8de91696cc3f68f42bacdb5d95
warm-empty-move-list,cached,32,calibration,0,0,optimized,0,32,0,1321205760,32,0,0,2252,d288dcc704ab51f437c213ba6069aeba7da3d60473e39dd6a2908e1df8161f09,4c3b774242beda1b1db611668e3507907ec5724452a29e469e3533d796defdae,c588537b09ea0b05c847f4832a288198006434f999d42a95830dba133db8d59a
warm-empty-move-list,direct,64,calibration,0,0,optimized,0,64,0,4253024256,0,0,64,2224,d288dcc704ab51f437c213ba6069aeba7da3d60473e39dd6a2908e1df8161f09,9b5938a0a56e003e655a4397ce387f4a9b8f26a58e5388ce0eaf2a1e4dd55aa8,dda95a1c6f9bf4a07c2159f9e162c385649182c03de446529f247c1d4ee63709
warm-empty-move-list,cached,64,calibration,0,0,optimized,0,64,0,4253024256,64,0,0,2236,d288dcc704ab51f437c213ba6069aeba7da3d60473e39dd6a2908e1df8161f09,8c41820a371f416a5b58a9dd04ca6e81332cbe3c80bd7990edc55fef864b6650,029d25fd1647260f40b97ab6ffbb4ffc86df2bfbb321e70a64c6a28403fd6938
warm-empty-move-list,direct,128,calibration,0,0,optimized,0,128,0,2063597568,0,0,128,2188,d288dcc704ab51f437c213ba6069aeba7da3d60473e39dd6a2908e1df8161f09,ea9c386218be0fc0208d508ad1cc839aa137e9eee60e71f9f8d03cb5d9570ab2,cb72da144ca2036641c041defd96cd21e04aad634899b69bf37eefcc83cd0893
warm-empty-move-list,cached,128,calibration,0,0,optimized,0,128,0,2063597568,128,0,0,2188,d288dcc704ab51f437c213ba6069aeba7da3d60473e39dd6a2908e1df8161f09,79e3238b12e5c112cb81a866747e6cd7e2f9bd7d2c9ac9d162b0acac8028951f,a1c185daa0bbebb5deba3ffe0e377741daa8dc82e25315cfa2ea50a6e2ee9fac
warm-empty-move-list,direct,256,calibration,0,0,optimized,0,256,0,4127195136,0,0,256,2224,d288dcc704ab51f437c213ba6069aeba7da3d60473e39dd6a2908e1df8161f09,3f9e75935792946730246da38b502f037f6b264fd879ac7149cb05f6866e6460,771351905a8440eb0644bf98789e1e047a676c0834528fe04d9070777a7ff832
warm-empty-move-list,cached,256,calibration,0,0,optimized,0,256,0,4127195136,256,0,0,2208,d288dcc704ab51f437c213ba6069aeba7da3d60473e39dd6a2908e1df8161f09,93602784ef2dbf0e82c16a7f033319d620ac4197ced872d67bf7b871344fd469,04bc472f3eeac0763bd3277ad1395a405c6e25e3507c23bd643754b09e0cc3c9
warm-empty-move-list,direct,512,calibration,0,0,optimized,0,512,0,3959422976,0,0,512,2224,d288dcc704ab51f437c213ba6069aeba7da3d60473e39dd6a2908e1df8161f09,1d5aae2a7e357eece0ce6b0d31d2e591fccf1045b101b4232b18bf2eb12f8b8e,ff91f40136580aa89193fedec3c1e7fa30235e4827f0afdef504f3ca62053eb9
warm-empty-move-list,cached,512,calibration,0,0,optimized,1,512,0,3959422976,512,0,0,2224,d288dcc704ab51f437c213ba6069aeba7da3d60473e39dd6a2908e1df8161f09,2d145e3f9e056a3c23ddaa059dc949e3f93c3ca13784f7e0cbf8a6e4bc207580,214f7b72e51c4c3ee3594ded965637a9bbaa2893ab9bda283368cc8cf1cda494
warm-empty-move-list,direct,1024,calibration,0,0,optimized,1,1024,0,3623878656,0,0,1024,2252,d288dcc704ab51f437c213ba6069aeba7da3d60473e39dd6a2908e1df8161f09,674194546e264cc14e528cb4c169fa84e43d804342b41828034fb8e4e1e1c36c,1f8d911c6834c9fd00f993decda60736b2223c035589eeefc52f4554ccef83d5
warm-empty-move-list,cached,1024,calibration,0,0,optimized,0,1024,0,3623878656,1024,0,0,2252,d288dcc704ab51f437c213ba6069aeba7da3d60473e39dd6a2908e1df8161f09,0178a502c2a18809d834b1ba2f068bdd3ddf91832ad652ca29278382596df72d,058072f4c8103d7cb21a68e8a4f3718e2d890cb8b38c27ff7baad443b075e11a
warm-empty-move-list,direct,2048,calibration,0,0,optimized,1,2048,0,2952790016,0,0,2048,2228,d288dcc704ab51f437c213ba6069aeba7da3d60473e39dd6a2908e1df8161f09,ed7fc88260bf2f7d8501041ad6f0f9921c18e502e3c0489d274e95ead766e86f,f890f682c0bbfd522a3b5f72e6415a77808e3d00984307e1134342b943cc0df0
warm-empty-move-list,cached,2048,calibration,0,0,optimized,1,2048,0,2952790016,2048,0,0,2184,d288dcc704ab51f437c213ba6069aeba7da3d60473e39dd6a2908e1df8161f09,a8a2da6407a6d77080337ae37005bcb3b21ed1a4127cd3b6cfdc2f1626cdb280,2bdf9f0a5704c5502bfe33487e880a0b2da0c4615b43dd8cd458c143d7dca485
warm-empty-move-list,direct,4096,calibration,0,0,optimized,2,4096,0,1610612736,0,0,4096,2212,d288dcc704ab51f437c213ba6069aeba7da3d60473e39dd6a2908e1df8161f09,5ac1130b1b95a9a762ac44d7171258c2d8c255ee5483d5e1d7d7655c9b1ec457,6ef8d1fc9f3f08e94efd60dd4ca36be9ef023acbfcb5e910187e968f3b32f66a
warm-empty-move-list,cached,4096,calibration,0,0,optimized,2,4096,0,1610612736,4096,0,0,2260,d288dcc704ab51f437c213ba6069aeba7da3d60473e39dd6a2908e1df8161f09,299666daee3ad5b8283122116f6d85b3a0700c0df456c270de9318ce267bfbca,c4b36f64b6bd41c29b7a7188f7d19ef0317950d7955b69104a3d33c9e1547956
warm-empty-move-list,direct,8192,calibration,0,0,optimized,4,8192,0,3221225472,0,0,8192,2184,d288dcc704ab51f437c213ba6069aeba7da3d60473e39dd6a2908e1df8161f09,26648f08f81bf34ca3885053056db393dbc3aad02c89956e3f89059dbc0b9faa,00b59eea254577de4e7e7216359ac0daf745d8c83bf34d4bf9163c01ce15340a
warm-empty-move-list,cached,8192,calibration,0,0,optimized,2,8192,0,3221225472,8192,0,0,2212,d288dcc704ab51f437c213ba6069aeba7da3d60473e39dd6a2908e1df8161f09,940b724aec01521b639996162a807f206038ba80fbbce1f2d99266c7f2f6cd2f,d0f6c7555a54a90eca6082da9eb9fcc4e71fe0ead761dbcf691b0ceda380a446
warm-empty-move-list,direct,16384,calibration,0,0,optimized,8,16384,0,2147483648,0,0,16384,2188,d288dcc704ab51f437c213ba6069aeba7da3d60473e39dd6a2908e1df8161f09,7c742a18679318e193d15171200b9ac3929895f08376caa78fedea3a688c8b5e,9a418ec7733292a5ba02f56df43a472432f20ceed44df8e5565ef29685342f56
warm-empty-move-list,cached,16384,calibration,0,0,optimized,5,16384,0,2147483648,16384,0,0,2244,d288dcc704ab51f437c213ba6069aeba7da3d60473e39dd6a2908e1df8161f09,88426930007067f79df624e4656a3e4b5dcf4ae1830d242c42014903f2e8c40e,4fb48d0f41ea36a129f1202cc901b80e6506a2ba66a5982da633e11704236788
warm-empty-move-list,direct,32768,calibration,0,0,optimized,15,32768,0,0,0,0,32768,2204,d288dcc704ab51f437c213ba6069aeba7da3d60473e39dd6a2908e1df8161f09,5102c7d521e680ef54d55a5e182507090e84fe74b7e31270d1331b5bf8a67ba3,25f998b16847bf48aee3c14caa57fce376b207a02af0526fd1e919e9f30a6152
warm-empty-move-list,cached,32768,calibration,0,0,optimized,9,32768,0,0,32768,0,0,2216,d288dcc704ab51f437c213ba6069aeba7da3d60473e39dd6a2908e1df8161f09,7259c13890b90fe203dbb7c404800cc053599d05ace604d3f18b39a7b2f025b1,f2cb07280795bcba26494f1914868ab1d73715c388e9419708fae3e297f81eb1
warm-empty-move-list,direct,65536,calibration,0,0,optimized,29,65536,0,0,0,0,65536,2252,d288dcc704ab51f437c213ba6069aeba7da3d60473e39dd6a2908e1df8161f09,2833df390af8d955a2177d18728c2fc15edc6fad40ae87cd2a8abc7a57dfbf7d,22aaace24f368596890e017e54b6365c5e883e5a3cbc0a3295fbbfd7f475801e
warm-empty-move-list,cached,65536,calibration,0,0,optimized,17,65536,0,0,65536,0,0,2228,d288dcc704ab51f437c213ba6069aeba7da3d60473e39dd6a2908e1df8161f09,7893681f787cb729cc74a2114b8e92c8f2aac3e3b9abf4048ec5fc3f5d310a74,7bb2acef63819ba5a52f76594f325810f3ad403287b69bffadbfb06b297d604c
warm-empty-move-list,direct,65536,measurement,0,0,optimized,29,65536,0,0,0,0,65536,2224,d288dcc704ab51f437c213ba6069aeba7da3d60473e39dd6a2908e1df8161f09,2833df390af8d955a2177d18728c2fc15edc6fad40ae87cd2a8abc7a57dfbf7d,22aaace24f368596890e017e54b6365c5e883e5a3cbc0a3295fbbfd7f475801e
warm-empty-move-list,cached,65536,measurement,0,1,optimized,17,65536,0,0,65536,0,0,2204,d288dcc704ab51f437c213ba6069aeba7da3d60473e39dd6a2908e1df8161f09,7893681f787cb729cc74a2114b8e92c8f2aac3e3b9abf4048ec5fc3f5d310a74,7bb2acef63819ba5a52f76594f325810f3ad403287b69bffadbfb06b297d604c
warm-empty-move-list,cached,65536,measurement,1,0,optimized,17,65536,0,0,65536,0,0,2188,d288dcc704ab51f437c213ba6069aeba7da3d60473e39dd6a2908e1df8161f09,7893681f787cb729cc74a2114b8e92c8f2aac3e3b9abf4048ec5fc3f5d310a74,7bb2acef63819ba5a52f76594f325810f3ad403287b69bffadbfb06b297d604c
warm-empty-move-list,direct,65536,measurement,1,1,optimized,31,65536,0,0,0,0,65536,2224,d288dcc704ab51f437c213ba6069aeba7da3d60473e39dd6a2908e1df8161f09,2833df390af8d955a2177d18728c2fc15edc6fad40ae87cd2a8abc7a57dfbf7d,93a5c2f92961ca706e8cb7cc14dd6e14bbc2aeb46285fc23f79f994ae82e1b7b
warm-empty-move-list,direct,65536,measurement,2,0,optimized,28,65536,0,0,0,0,65536,2184,d288dcc704ab51f437c213ba6069aeba7da3d60473e39dd6a2908e1df8161f09,2833df390af8d955a2177d18728c2fc15edc6fad40ae87cd2a8abc7a57dfbf7d,4b4247bb72f534a60ce32a6f41a8ff4fc46832bd1261841494573bd569af3782
warm-empty-move-list,cached,65536,measurement,2,1,optimized,17,65536,0,0,65536,0,0,2208,d288dcc704ab51f437c213ba6069aeba7da3d60473e39dd6a2908e1df8161f09,7893681f787cb729cc74a2114b8e92c8f2aac3e3b9abf4048ec5fc3f5d310a74,7bb2acef63819ba5a52f76594f325810f3ad403287b69bffadbfb06b297d604c
warm-empty-move-list,cached,65536,measurement,3,0,optimized,18,65536,0,0,65536,0,0,2220,d288dcc704ab51f437c213ba6069aeba7da3d60473e39dd6a2908e1df8161f09,7893681f787cb729cc74a2114b8e92c8f2aac3e3b9abf4048ec5fc3f5d310a74,bde8de93d55c291fc0e4ead28abbc78c6fdb74d5e0a0f66acc7477658ababb48
warm-empty-move-list,direct,65536,measurement,3,1,optimized,29,65536,0,0,0,0,65536,2188,d288dcc704ab51f437c213ba6069aeba7da3d60473e39dd6a2908e1df8161f09,2833df390af8d955a2177d18728c2fc15edc6fad40ae87cd2a8abc7a57dfbf7d,22aaace24f368596890e017e54b6365c5e883e5a3cbc0a3295fbbfd7f475801e
warm-empty-move-list,direct,65536,measurement,4,0,optimized,29,65536,0,0,0,0,65536,2184,d288dcc704ab51f437c213ba6069aeba7da3d60473e39dd6a2908e1df8161f09,2833df390af8d955a2177d18728c2fc15edc6fad40ae87cd2a8abc7a57dfbf7d,22aaace24f368596890e017e54b6365c5e883e5a3cbc0a3295fbbfd7f475801e
warm-empty-move-list,cached,65536,measurement,4,1,optimized,17,65536,0,0,65536,0,0,2212,d288dcc704ab51f437c213ba6069aeba7da3d60473e39dd6a2908e1df8161f09,7893681f787cb729cc74a2114b8e92c8f2aac3e3b9abf4048ec5fc3f5d310a74,7bb2acef63819ba5a52f76594f325810f3ad403287b69bffadbfb06b297d604c
warm-empty-move-list,cached,65536,measurement,5,0,optimized,18,65536,0,0,65536,0,0,2236,d288dcc704ab51f437c213ba6069aeba7da3d60473e39dd6a2908e1df8161f09,7893681f787cb729cc74a2114b8e92c8f2aac3e3b9abf4048ec5fc3f5d310a74,bde8de93d55c291fc0e4ead28abbc78c6fdb74d5e0a0f66acc7477658ababb48
warm-empty-move-list,direct,65536,measurement,5,1,optimized,30,65536,0,0,0,0,65536,2224,d288dcc704ab51f437c213ba6069aeba7da3d60473e39dd6a2908e1df8161f09,2833df390af8d955a2177d18728c2fc15edc6fad40ae87cd2a8abc7a57dfbf7d,8bdb21bd31d94204ad81f0bc2335b09e24566eb96f9c43dad8a7da20052c19eb
